1,815,37581157,126735690,20,1,집,Residence,20120619121845TUE,20120619173702TUE
2,7,37537973,126736156,26,2,Move,Move,20120619180412TUE
3,9,37538799,126737905,30,1,인천계산동 벌집삼겹살,Food,20120619181057TUE,20120619202729TUE
4,12,37535084,126736129,45,1,인천계산동 더노래방,Nightlife,20120619204101TUE,20120619214427TUE
5,12,37535084,126736129,45,1,인천계산동 더노래방,Nightlife,20120619214812TUE,20120619223211TUE
6,13,37535352,126736353,56,1,길거리,Sports & Outdoors,20120619223557TUE,20120619224611TUE
7,14,37538086,126733909,66,2,Move,Move,20120619225626TUE
8,16,37537786,126734244,48,1,동네놀이터,Sports & Outdoors,20120619230806TUE,20120619234619TUE
9,18,37565790,126741849,42,1,계양역,Travel & Transport,20120619235725TUE,20120620000902WED
10,20,37580646,126734840,26,1,집앞,Residence,20120620002040WED,20120620003048WED
11,815,37581157,126735690,20,1,집,Residence,20120620003410WED,20120621115156THU
12,22,37593378,126673405,40,2,Move,Move,20120621121625THU
13,23,37592229,126671220,26,2,Move,Move,20120621122624THU
14,24,37594434,126674146,2065,2,Move,Move,20120621124801THU
15,25,37594239,126666128,33,2,Move,Move,20120621125452THU
16,26,37594546,126665380,30,2,Move,Move,20120621130143THU
17,27,37594462,126665411,30,2,Move,Move,20120621130834THU
18,28,37593967,126664721,1868,2,Move,Move,20120621131834THU
19,29,37596671,126667300,30,2,Move,Move,20120621132526THU
20,30,37597342,126667812,1803,2,Move,Move,20120621134541THU
21,31,37555852,126936306,45,2,Move,Move,20120621145918THU
22,32,37555434,126937320,39,2,Move,Move,20120621151204THU
23,33,37563598,126937733,57,2,Move,Move,20120621151855THU
24,1488,37563747,126936701,20,1,연세대 중앙도서관 지하휴게실,College & Education,20120621153626THU,20120621163359THU
25,36,37555558,126970738,30,2,Move,Move,20120621164848THU
26,37,37555497,126970743,38,2,Move,Move,20120621165539THU
27,38,37555534,126970743,30,2,Move,Move,20120621170235THU
28,39,37541791,126972304,30,2,Move,Move,20120621172135THU
29,40,37541829,126972346,30,2,Move,Move,20120621173935THU
30,42,37541820,126972333,30,1,남영역 할리스커피,Food,20120621175146THU,20120621193246THU
31,43,37491346,126721546,30,2,Move,Move,20120621195814THU
32,45,37491156,126721224,34,1,부평역 버무리,Food,20120621200801THU,20120621203256THU
33,46,37481039,126698734,1986,2,Move,Move,20120621204756THU
34,47,37463938,126689672,37,2,Move,Move,20120621205447THU
35,48,37446341,126693994,57,2,Move,Move,20120621210414THU
36,49,37442971,126701225,30,2,Move,Move,20120621211105THU
37,51,37442621,126701386,40,1,인천구월동 신세계백화점,Shop & Service,20120621212339THU,20120621213230THU
38,52,37443671,126701237,74,2,Move,Move,20120621214241THU
39,53,37429489,126716941,30,2,Move,Move,20120621220339THU
40,55,37579091,126735168,40,2,Move,Move,20120621230232THU
41,815,37581157,126735690,20,1,집,Residence,20120621231604THU,20120622103809FRI
42,58,37593923,126671544,55,2,Move,Move,20120622110000FRI
43,60,37592119,126671242,51,1,인천 검단탑병원 수납,Shop & Service,20120622110849FRI,20120622112121FRI
44,61,37592765,126670805,77,1,인천 검단탑병원 진료,Shop & Service,20120622112702FRI,20120622121124FRI
45,62,37592527,126672376,50,2,Move,Move,20120622123618FRI
46,63,37568076,126677598,1993,2,Move,Move,20120622125418FRI
47,64,37571627,126710347,2583,2,Move,Move,20120622130417FRI
48,66,37410730,126911628,75,1,공항철도 (이동중),Travel & Transport,20120622131433FRI,20120622134124FRI
49,67,37554546,126936292,37,1,신촌 죽미인,Food,20120622135157FRI,20120622143506FRI
50,68,37567416,126939516,30,1,연세대 상대별관 2층 경영도서관,College & Education,20120622144823FRI,20120622153326FRI
51,942,37563742,126936143,21,1,연세대 학술정보원 6층 법학도서관,College & Education,20120622154858FRI,20120622155923FRI
52,71,37565537,126939270,1448,2,Move,Move,20120622160931FRI
53,72,37563552,126937103,20,2,Move,Move,20120622161623FRI
54,73,37563587,126936568,82,2,Move,Move,20120622162316FRI
55,1315,37563412,126936462,21,1,연세대 학술정보원 2층 IC,College & Education,20120622163421FRI,20120622173913FRI
56,76,37563307,126937710,48,2,Move,Move,20120622175410FRI
57,77,37563263,126937846,49,2,Move,Move,20120622180636FRI
58,1315,37563412,126936462,21,1,연세대 학술정보원 2층 IC,College & Education,20120622182203FRI,20120622195655FRI
59,1488,37563747,126936701,20,1,연세대 중앙도서관 지하휴게실,College & Education,20120622200023FRI,20120622201817FRI
60,81,37555367,126937091,31,2,Move,Move,20120622202930FRI
61,83,37410615,126911419,150,2,Move,Move,20120622205950FRI
62,84,37571192,126736601,49,2,Move,Move,20120622211719FRI
63,85,37578618,126735714,43,2,Move,Move,20120622212410FRI
64,20,37580646,126734840,26,1,집앞,Residence,20120622213306FRI,20120622224529FRI
65,88,37580273,126737504,3248,2,Move,Move,20120622225633FRI
66,815,37581157,126735690,20,1,집,Residence,20120622230623FRI,20120623123816SAT
67,91,37538519,126735894,67,1,인천계산동 디자인구즈,Food,20120623125712SAT,20120623132939SAT
68,91,37538519,126735894,67,1,인천계산동 디자인구즈,Food,20120623134148SAT,20120623153856SAT
69,815,37581157,126735690,20,1,집,Residence,20120623160533SAT,20120623161552SAT
70,95,37573887,126736228,57,2,Move,Move,20120623162658SAT
71,98,37559423,126838023,36,2,Move,Move,20120623170353SAT
72,99,37559423,126838021,36,2,Move,Move,20120623171150SAT
73,100,37563637,126905199,1551,2,Move,Move,20120623171841SAT
74,101,37560382,126936957,40,2,Move,Move,20120623172423SAT
75,1488,37563747,126936701,20,1,연세대 중앙도서관 지하휴게실,College & Education,20120623173113SAT,20120623175448SAT
76,1488,37563747,126936701,20,1,연세대 중앙도서관 지하휴게실,College & Education,20120623180500SAT,20120623181948SAT
77,1488,37563747,126936701,20,1,연세대 중앙도서관 지하휴게실,College & Education,20120623183144SAT,20120623184347SAT
78,255,37561090,126935589,27,1,연세대 공학원 지하식당,Food,20120623184859SAT,20120623191612SAT
79,109,37563539,126937243,30,2,Move,Move,20120623193321SAT
80,110,37563741,126936958,28,2,Move,Move,20120623195042SAT
81,111,37563744,126936831,32,2,Move,Move,20120623200126SAT
82,1488,37563747,126936701,20,1,연세대 중앙도서관 지하휴게실,College & Education,20120623204826SAT,20120623210812SAT
83,1488,37563747,126936701,20,1,연세대 중앙도서관 지하휴게실,College & Education,20120623211500SAT,20120623213902SAT
84,1488,37563747,126936701,20,1,연세대 중앙도서관 지하휴게실,College & Education,20120623214248SAT,20120624033623SUN
85,116,37563549,126937094,27,2,Move,Move,20120624035044SUN
86,117,37563708,126937092,27,2,Move,Move,20120624035826SUN
87,118,37563653,126937094,27,2,Move,Move,20120624040607SUN
88,119,37563616,126937105,30,2,Move,Move,20120624041348SUN
89,1488,37563747,126936701,20,1,연세대 중앙도서관 지하휴게실,College & Education,20120624042144SUN,20120624074138SUN
90,122,37560381,126936933,34,2,Move,Move,20120624075149SUN
91,123,37560684,126935048,1373,2,Move,Move,20120624075931SUN
92,124,37565588,126912215,51,2,Move,Move,20120624080502SUN
93,125,37547284,126877828,40,2,Move,Move,20120624081154SUN
94,127,37548762,126861271,48,2,Move,Move,20120624082538SUN
95,128,37547214,126862869,1462,2,Move,Move,20120624083229SUN
96,129,37544099,126859539,2041,2,Move,Move,20120624084714SUN
97,130,37547289,126862767,1442,2,Move,Move,20120624085455SUN
98,131,37547289,126862767,1442,2,Move,Move,20120624090237SUN
99,132,37547289,126862767,1442,2,Move,Move,20120624091019SUN
100,133,37546211,126862742,1442,2,Move,Move,20120624091800SUN
101,134,37545134,126862718,1489,2,Move,Move,20120624092809SUN
102,135,37545134,126862718,1489,2,Move,Move,20120624093550SUN
103,136,37549042,126862476,45,2,Move,Move,20120624113947SUN
104,138,37571094,126736657,34,2,Move,Move,20120624121509SUN
105,139,37573174,126736116,57,2,Move,Move,20120624122251SUN
106,140,37581167,126735074,30,2,Move,Move,20120624122943SUN
107,815,37581157,126735690,20,1,집,Residence,20120624123633SUN,20120624130830SUN
108,143,37543220,126725764,1918,2,Move,Move,20120624132409SUN
109,144,37543220,126725764,1918,2,Move,Move,20120624133101SUN
110,145,37543325,126725393,34,2,Move,Move,20120624133754SUN
111,147,37543317,126726318,37,1,인천계산동 바삭,Food,20120624134537SUN,20120624142932SUN
112,148,37528952,126722608,30,2,Move,Move,20120624144504SUN
113,149,37504396,126715762,2066,2,Move,Move,20120624145155SUN
114,150,37495156,126722571,40,2,Move,Move,20120624145842SUN
115,151,37491408,126721430,30,2,Move,Move,20120624150535SUN
116,152,37473218,126691664,34,2,Move,Move,20120624152208SUN
117,153,37459280,126689471,40,2,Move,Move,20120624152901SUN
118,154,37459270,126689519,30,2,Move,Move,20120624153552SUN
119,156,37462701,126680360,33,2,Move,Move,20120624155054SUN
120,157,37461323,126680232,30,2,Move,Move,20120624155649SUN
121,158,37463190,126682752,1685,2,Move,Move,20120624160340SUN
122,160,37461949,126681848,24,1,인천주안 아이원모텔,Travel & Transport,20120624161031SUN,20120624190111SUN
123,161,37462842,126680350,39,2,Move,Move,20120624191123SUN
124,162,37456554,126704426,42,2,Move,Move,20120624192414SUN
125,163,37443546,126701631,30,2,Move,Move,20120624193106SUN
126,164,37442753,126701460,33,2,Move,Move,20120624193757SUN
127,165,37443299,126704190,39,2,Move,Move,20120624194447SUN
128,166,37429783,126713794,34,2,Move,Move,20120624195138SUN
129,167,37433386,126722525,2090,2,Move,Move,20120624200342SUN
130,169,0,0,0,1,인천버스 905 (이동중),Sports & Outdoors,20120624201054SUN,20120624210147SUN
131,815,37581157,126735690,20,1,집,Residence,20120624211501SUN,20120625072036MON
132,172,37593906,126870289,2462,2,Move,Move,20120625074503MON
133,173,37557020,126926521,42,2,Move,Move,20120625075349MON
134,174,37557428,126930165,45,2,Move,Move,20120625080042MON
135,176,37564345,126938179,54,2,Move,Move,20120625081708MON
136,590,37568173,126939315,20,1,연세대 상대본관 113호,College & Education,20120625082250MON,20120625104315MON
137,179,37564338,126937333,40,2,Move,Move,20120625105718MON
138,977,37564477,126937397,20,1,연세대 광복관 111호,College & Education,20120625110409MON,20120625123811MON
139,232,37563312,126937845,45,1,연세대 학생회관 B1층 카페테리아,Food,20120625124812MON,20120625125951MON
140,183,37564074,126938164,1455,2,Move,Move,20120625131221MON
141,184,37563552,126937169,30,2,Move,Move,20120625132020MON
142,185,37564074,126938164,1455,2,Move,Move,20120625132711MON
143,186,37563761,126936054,39,2,Move,Move,20120625133602MON
144,187,37564526,126937708,1435,2,Move,Move,20120625134918MON
145,189,37563588,126937201,28,2,Move,Move,20120625140451MON
146,1315,37563412,126936462,21,1,연세대 학술정보원 2층 IC,College & Education,20120625141814MON,20120625174439MON
147,1315,37563412,126936462,21,1,연세대 학술정보원 2층 IC,College & Education,20120625180114MON,20120625191917MON
148,196,37554477,126937376,24,1,신촌 맵고단,Food,20120625193951MON,20120625195116MON
149,196,37554477,126937376,24,1,신촌 맵고단,Food,20120625195549MON,20120625200637MON
150,196,37554477,126937376,24,1,신촌 맵고단,Food,20120625200958MON,20120625204010MON
151,199,37555541,126938541,1442,2,Move,Move,20120625205022MON
152,200,37555541,126938541,1442,2,Move,Move,20120625210227MON
153,201,37555718,126932649,127,2,Move,Move,20120625210921MON
154,202,37556957,126929885,43,2,Move,Move,20120625211612MON
155,203,37557719,126928901,1513,2,Move,Move,20120625212303MON
156,204,37557719,126928901,1513,2,Move,Move,20120625212954MON
157,205,37557412,126926163,41,2,Move,Move,20120625213646MON
158,206,37556983,126923154,63,2,Move,Move,20120625214336MON
159,208,37514361,126896944,3437,2,Move,Move,20120625215808MON
160,210,0,0,0,1,신도림역,Travel & Transport,20120625220734MON,20120625221750MON
161,211,37471258,126702886,37,2,Move,Move,20120625222804MON
162,212,37470254,126702988,40,2,Move,Move,20120625223456MON
163,213,37460955,126708316,40,2,Move,Move,20120625224743MON
164,214,37450618,126718479,42,2,Move,Move,20120625225456MON
165,216,37428959,126715951,40,2,Move,Move,20120625230837MON
166,218,37485275,126729173,40,2,Move,Move,20120625233056MON
167,219,37498800,126730506,1866,2,Move,Move,20120625233836MON
168,221,37580518,126734614,24,2,Move,Move,20120626001328TUE
169,815,37581157,126735690,20,1,집,Residence,20120626002601TUE,20120626070607TUE
170,815,37581157,126735690,20,1,집,Residence,20120626071739TUE,20120626072800TUE
171,226,37571132,126736602,30,2,Move,Move,20120626073832TUE
172,228,37593824,126872183,2287,1,공항철도,Travel & Transport,20120626074543TUE,20120626082959TUE
173,590,37568173,126939315,20,1,연세대 상대본관 113호,College & Education,20120626084735TUE,20120626105236TUE
174,977,37564477,126937397,20,1,연세대 광복관 111호,College & Education,20120626105655TUE,20120626125435TUE
175,232,37563312,126937845,45,1,연세대 학생회관 B1층 카페테리아,Food,20120626130855TUE,20120626132116TUE
176,1315,37563412,126936462,21,1,연세대 학술정보원 2층 IC,College & Education,20120626133345TUE,20120626194449TUE
177,235,37560732,126935027,1392,2,Move,Move,20120626200053TUE
178,236,37530115,126875478,1512,2,Move,Move,20120626203010TUE
179,237,37528612,126875102,31,2,Move,Move,20120626211926TUE
180,238,37530704,126884685,1422,2,Move,Move,20120626212600TUE
181,239,37576187,126741098,2150,2,Move,Move,20120626223408TUE
182,240,37581047,126735113,26,2,Move,Move,20120626224109TUE
183,815,37581157,126735690,20,1,집,Residence,20120626225035TUE,20120627074103WED
184,244,37576831,126893225,3384,2,Move,Move,20120627080936WED
185,245,37557022,126926883,65,2,Move,Move,20120627081629WED
186,246,37555484,126935478,70,2,Move,Move,20120627082330WED
187,247,37563517,126937721,36,2,Move,Move,20120627083030WED
188,248,37567976,126938901,48,2,Move,Move,20120627083729WED
189,249,37568063,126939023,36,2,Move,Move,20120627084718WED
190,250,37568216,126939218,43,2,Move,Move,20120627085419WED
191,590,37568173,126939315,20,1,연세대 상대본관 113호,College & Education,20120627090318WED,20120627105745WED
192,977,37564477,126937397,20,1,연세대 광복관 111호,College & Education,20120627110717WED,20120627125604WED
193,255,37561090,126935589,27,1,연세대 공학원 지하식당,Food,20120627131241WED,20120627133033WED
194,256,37555574,126936898,45,2,Move,Move,20120627134101WED
195,257,37555442,126936991,36,2,Move,Move,20120627135234WED
196,258,37540278,126968823,30,2,Move,Move,20120627141714WED
197,259,37541949,126971719,46,2,Move,Move,20120627142256WED
198,260,37542916,126972521,21,2,Move,Move,20120627142955WED
199,262,37542918,126972513,21,1,숙대입구 엔제리너스커피,Food,20120627145319WED,20120627184927WED
200,263,37540841,126970903,39,2,Move,Move,20120627185952WED
201,264,37537118,126971318,1517,2,Move,Move,20120627190650WED
202,266,37515104,126908644,49,1,영등포역,Travel & Transport,20120627191350WED,20120627195420WED
203,268,37456224,126708764,1900,1,동암역,Travel & Transport,20120627200803WED,20120627201943WED
204,269,37429653,126713954,72,2,Move,Move,20120627203318WED
205,270,37428651,126715500,37,2,Move,Move,20120627203925WED
206,271,37433308,126723027,2119,2,Move,Move,20120627204854WED
207,1301,37516452,126732232,112,1,인천버스 905 (이동중),Travel & Transport,20120627210330WED,20120627214124WED
208,815,37581157,126735690,20,1,집,Residence,20120627215845WED,20120628074625THU
209,276,37576667,126739262,2257,2,Move,Move,20120628075722THU
210,279,37386113,126943558,150,1,공항철도,Travel & Transport,20120628081423THU,20120628082848THU
211,281,37560698,126934915,1414,1,연세대 정문,College & Education,20120628083913THU,20120628084935THU
212,590,37568173,126939315,20,1,연세대 상대본관 113호,College & Education,20120628090010THU,20120628105158THU
213,977,37564477,126937397,20,1,연세대 광복관 111호,College & Education,20120628110149THU,20120628124902THU
214,1383,37564320,126937924,25,1,연세대 학생회관 B1층 슬기샘,Shop & Service,20120628125222THU,20120628132442THU
215,232,37563312,126937845,45,1,연세대 학생회관 B1층 카페테리아,Food,20120628132807THU,20120628140831THU
216,287,37410730,126911628,150,1,공항철도 (이동중),Travel & Transport,20120628142143THU,20120628144215THU
217,815,37581157,126735690,20,1,집,Residence,20120628145124THU,20120629075439FRI
218,289,37572412,126735927,2123,2,Move,Move,20120629080657FRI
219,291,37555450,126936766,37,2,Move,Move,20120629083501FRI
220,292,37555384,126937568,45,2,Move,Move,20120629084201FRI
221,293,37560419,126936973,36,2,Move,Move,20120629085008FRI
222,294,37566599,126939854,40,2,Move,Move,20120629085815FRI
223,590,37568173,126939315,20,1,연세대 상대본관 113호,College & Education,20120629090514FRI,20120629105509FRI
224,977,37564477,126937397,20,1,연세대 광복관 111호,College & Education,20120629110448FRI,20120629130125FRI
225,298,37563237,126937804,52,2,Move,Move,20120629131237FRI
226,299,37563849,126938537,1594,2,Move,Move,20120629131937FRI
227,300,37571133,126736596,36,2,Move,Move,20120629141001FRI
228,302,37543221,126728384,31,2,Move,Move,20120629142405FRI
229,304,37543275,126727806,37,1,인천계산동 스위티피시방,Arts & Entertainment,20120629143104FRI,20120629183640FRI
230,306,37542974,126731508,40,1,인천계산동 고기킹,Food,20120629184703FRI,20120629205500FRI
231,306,37542974,126731508,40,1,인천계산동 고기킹,Food,20120629205859FRI,20120629214330FRI
232,308,37543196,126727717,34,2,Move,Move,20120629215354FRI
233,309,37543252,126728481,30,2,Move,Move,20120629220054FRI
234,311,37580542,126734638,28,2,Move,Move,20120629223158FRI
235,815,37581157,126735690,20,1,집,Residence,20120629223857FRI,20120630174610SAT
236,314,37446804,126700212,40,2,Move,Move,20120630181824SAT
237,315,37451964,126701700,76,2,Move,Move,20120630182524SAT
238,316,37453789,126701670,39,2,Move,Move,20120630183228SAT
239,318,37453999,126701806,69,1,인천구월동 문파스타,Food,20120630184205SAT,20120630193913SAT
240,319,37454158,126701908,34,1,인천구월동 참새가물고온원두,Food,20120630194931SAT,20120630212408SAT
241,320,37450150,126702300,39,2,Move,Move,20120630213432SAT
242,321,37449432,126704009,48,2,Move,Move,20120630214206SAT
243,322,37447581,126707463,30,2,Move,Move,20120630214904SAT
244,323,37445805,126707362,1888,2,Move,Move,20120630215604SAT
245,324,37441019,126705945,42,2,Move,Move,20120630220304SAT
246,325,37436409,126707629,55,2,Move,Move,20120630221003SAT
247,326,37433590,126708032,37,2,Move,Move,20120630221652SAT
248,327,37416152,126713494,43,2,Move,Move,20120630222351SAT
249,328,37430452,126713183,37,2,Move,Move,20120630223050SAT
250,329,37428776,126715671,28,2,Move,Move,20120630223750SAT
251,330,37428613,126715551,25,2,Move,Move,20120630224340SAT
252,331,37429406,126717096,43,2,Move,Move,20120630225038SAT
253,332,37454748,126719091,40,2,Move,Move,20120630230043SAT
254,333,37548240,126741152,45,2,Move,Move,20120630233346SAT
255,334,37576754,126735532,43,2,Move,Move,20120630234240SAT
256,815,37581157,126735690,20,1,집,Residence,20120630235747SAT,20120701193021SUN
257,337,37543368,126728665,79,2,Move,Move,20120701194911SUN
258,339,37446931,126701083,33,2,Move,Move,20120701201502SUN
259,340,37446203,126700916,44,2,Move,Move,20120701202202SUN
260,705,37446237,126700686,30,1,인천구월동 크리스피크림,Food,20120701203302SUN,20120701212408SUN
261,343,0,0,0,1,동네놀이터,Sports & Outdoors,20120701213959SUN,20120701221313SUN
262,815,37581157,126735690,20,1,집,Residence,20120702001140MON,20120702075707MON
263,348,37395515,126948561,150,1,공항철도,Travel & Transport,20120702080853MON,20120702081917MON
264,349,37556367,126932925,36,2,Move,Move,20120702082936MON
265,350,37560441,126936685,30,2,Move,Move,20120702083634MON
266,590,37568173,126939315,20,1,연세대 상대본관 113호,College & Education,20120702085229MON,20120702104017MON
267,354,37567092,126938593,46,2,Move,Move,20120702105455MON
268,977,37564477,126937397,20,1,연세대 광복관 111호,College & Education,20120702110208MON,20120702122606MON
269,1315,37563412,126936462,21,1,연세대 학술정보원 2층 IC,College & Education,20120702133429MON,20120702152950MON
270,358,37563940,126936074,22,2,Move,Move,20120702154014MON
271,1481,37563476,126937043,26,1,연세대 중앙도서관 2층 인문자료실,College & Education,20120702154712MON,20120702160526MON
272,361,37563547,126936993,38,2,Move,Move,20120702161650MON
273,362,37560383,126936831,36,2,Move,Move,20120702162848MON
274,363,37555608,126938287,42,2,Move,Move,20120702164324MON
275,364,37594916,126723129,1970,2,Move,Move,20120702172216MON
276,365,37594038,126691572,2029,2,Move,Move,20120702173311MON
277,366,37594054,126670988,40,2,Move,Move,20120702174020MON
278,368,37577716,126674287,2460,1,인천 검단탑병원 진료,Shop & Service,20120702174725MON,20120702181509MON
279,369,37578901,126734669,49,2,Move,Move,20120702183355MON
280,370,37576187,126741098,2150,2,Move,Move,20120702184054MON
281,1472,37578269,126734880,37,1,인천장기동 중국성,Food,20120702185148MON,20120702190927MON
282,815,37581157,126735690,20,1,집,Residence,20120702192014MON,20120703074124TUE
283,375,37566574,126741805,40,2,Move,Move,20120703075255TUE
284,376,37571046,126736690,30,2,Move,Move,20120703075955TUE
285,377,37597142,126674662,36,2,Move,Move,20120703081301TUE
286,379,37555479,126935545,43,2,Move,Move,20120703082900TUE
287,380,37560423,126936867,87,2,Move,Move,20120703083554TUE
288,381,37567391,126942160,1779,2,Move,Move,20120703085145TUE
289,382,37568151,126939291,30,2,Move,Move,20120703085845TUE
290,590,37568173,126939315,20,1,연세대 상대본관 113호,College & Education,20120703091055TUE,20120703104800TUE
291,977,37564477,126937397,20,1,연세대 광복관 111호,College & Education,20120703110133TUE,20120703124000TUE
292,232,37563312,126937845,45,1,연세대 학생회관 B1층 카페테리아,Food,20120703124325TUE,20120703130040TUE
293,1383,37564320,126937924,25,1,연세대 학생회관 B1층 슬기샘,Shop & Service,20120703130405TUE,20120703133857TUE
294,412,37563236,126938136,37,1,연세대 학생회관 2층 취업광장,College & Education,20120703134901TUE,20120703150327TUE
295,390,37563330,126937801,43,2,Move,Move,20120703151621TUE
296,391,37560362,126936769,42,2,Move,Move,20120703152319TUE
297,392,37556666,126941561,34,2,Move,Move,20120703153131TUE
298,394,37576907,126737260,2154,2,Move,Move,20120703162419TUE
299,395,37575102,126734319,2004,2,Move,Move,20120703163118TUE
300,815,37581157,126735690,20,1,집,Residence,20120703163817TUE,20120704074300WED
301,398,37566439,126741657,39,2,Move,Move,20120704075325WED
302,399,37572504,126736984,45,2,Move,Move,20120704080024WED
303,400,37577025,126899413,39,2,Move,Move,20120704081733WED
304,401,37557123,126928006,73,2,Move,Move,20120704082438WED
305,402,37555518,126936123,39,2,Move,Move,20120704083137WED
306,403,37561591,126937377,49,2,Move,Move,20120704083832WED
307,404,37567856,126939650,26,2,Move,Move,20120704084531WED
308,405,37565411,126943222,1618,2,Move,Move,20120704085820WED
309,406,37568130,126939324,24,2,Move,Move,20120704095309WED
310,407,37567606,126938877,24,2,Move,Move,20120704101035WED
311,590,37568173,126939315,20,1,연세대 상대본관 113호,College & Education,20120704102334WED,20120704105326WED
312,977,37564477,126937397,20,1,연세대 광복관 111호,College & Education,20120704105924WED,20120704124309WED
313,411,37563282,126937805,48,1,연세대 학생회관 1층 프레프레,Food,20120704125115WED,20120704130306WED
314,412,37563236,126938136,37,1,연세대 학생회관 2층 취업광장,College & Education,20120704130758WED,20120704165434WED
315,413,37563994,126937749,74,2,Move,Move,20120704170713WED
316,414,37560314,126936826,45,2,Move,Move,20120704171414WED
317,415,37556861,126936957,1544,2,Move,Move,20120704172111WED
318,416,37555438,126936974,33,2,Move,Move,20120704172813WED
319,419,37555409,126937006,36,1,홍익문고 4층,Shop & Service,20120704173713WED,20120704174742WED
320,419,37555409,126937006,36,1,홍익문고 4층,Shop & Service,20120704175108WED,20120704192820WED
321,815,37581157,126735690,20,1,집,Residence,20120704204657WED,20120705073806THU
322,421,37571234,126736784,30,2,Move,Move,20120705075022THU
323,422,37576952,126899472,28,2,Move,Move,20120705081008THU
324,423,37557053,126927909,55,2,Move,Move,20120705081711THU
325,424,37555465,126935482,33,2,Move,Move,20120705082333THU
326,425,37560239,126936773,51,2,Move,Move,20120705083037THU
327,426,37567709,126939139,40,2,Move,Move,20120705084401THU
328,427,37567881,126939440,48,2,Move,Move,20120705085109THU
329,590,37568173,126939315,20,1,연세대 상대본관 113호,College & Education,20120705090013THU,20120705104745THU
330,977,37564477,126937397,20,1,연세대 광복관 111호,College & Education,20120705110016THU,20120705123625THU
331,232,37563312,126937845,45,1,연세대 학생회관 B1층 카페테리아,Food,20120705124652THU,20120705125721THU
332,435,37559271,126936301,24,1,신촌 씽씽노래방,Arts & Entertainment,20120705130807THU,20120705151151THU
333,436,37556319,126936895,33,2,Move,Move,20120705152322THU
334,437,37557720,126928797,1409,2,Move,Move,20120705153810THU
335,438,37578567,126734706,49,2,Move,Move,20120705161942THU
336,439,37581197,126735645,26,2,Move,Move,20120705162749THU
337,815,37581157,126735690,20,1,집,Residence,20120705163448THU,20120706074003FRI
338,442,37571210,126736586,37,2,Move,Move,20120706075027FRI
339,443,37576604,126893426,3405,2,Move,Move,20120706081058FRI
340,444,37557028,126927586,76,2,Move,Move,20120706081748FRI
341,445,37556112,126936808,31,2,Move,Move,20120706082453FRI
342,447,37563665,126936969,23,2,Move,Move,20120706083853FRI
343,448,37567278,126938758,36,2,Move,Move,20120706084555FRI
344,590,37568173,126939315,20,1,연세대 상대본관 113호,College & Education,20120706085258FRI,20120706104713FRI
345,730,37567720,126938976,30,1,연세대 상대본관 상록샘,Food,20120706105116FRI,20120706112742FRI
346,452,37566140,126939518,1968,2,Move,Move,20120706113807FRI
347,1488,37563747,126936701,20,1,연세대 중앙도서관 지하휴게실,College & Education,20120706114507FRI,20120706161613FRI
348,232,37563312,126937845,45,1,연세대 학생회관 B1층 카페테리아,Food,20120706162057FRI,20120706164422FRI
349,1488,37563747,126936701,20,1,연세대 중앙도서관 지하휴게실,College & Education,20120706165022FRI,20120706190341FRI
350,1488,37563747,126936701,20,1,연세대 중앙도서관 지하휴게실,College & Education,20120706191815FRI,20120706223656FRI
351,458,37557861,126936984,48,2,Move,Move,20120706224718FRI
352,460,0,0,0,1,Unknown,Unknown,20120706225846FRI,20120706230817FRI
353,462,37645483,127051067,23,1,Unknown,Unknown,20120706231738FRI,20120706235541FRI
354,463,37576573,126734738,51,2,Move,Move,20120707001650SAT
355,464,37580789,126735122,64,2,Move,Move,20120707002351SAT
356,815,37581157,126735690,20,1,집,Residence,20120707002934SAT,20120707171518SAT
357,467,37578668,126734723,51,2,Move,Move,20120707172641SAT
358,468,37576331,126740669,2179,2,Move,Move,20120707173343SAT
359,470,37557909,126844363,45,2,Move,Move,20120707181605SAT
360,471,37549545,126867238,45,2,Move,Move,20120707182306SAT
361,255,37561090,126935589,27,1,연세대 공학원 지하식당,Food,20120707185248SAT,20120707190044SAT
362,475,37566901,126939301,1625,2,Move,Move,20120707191247SAT
363,476,37563925,126936819,27,2,Move,Move,20120707192228SAT
364,477,37563599,126937058,32,2,Move,Move,20120707193131SAT
365,478,37563649,126936819,27,2,Move,Move,20120707193839SAT
366,1488,37563747,126936701,20,1,연세대 중앙도서관 지하휴게실,College & Education,20120707195407SAT,20120707215719SAT
367,481,37560357,126937134,40,2,Move,Move,20120707220747SAT
368,482,37560575,126936538,45,2,Move,Move,20120707221449SAT
369,484,37560699,126937967,1586,1,연세대 중앙도서관 입구,College & Education,20120707222150SAT,20120707223545SAT
370,1488,37563747,126936701,20,1,연세대 중앙도서관 지하휴게실,College & Education,20120707223910SAT,20120707233632SAT
371,1488,37563747,126936701,20,1,연세대 중앙도서관 지하휴게실,College & Education,20120707234315SAT,20120708081825SUN
372,487,37558340,126936256,43,2,Move,Move,20120708082942SUN
373,489,37557978,126936921,62,1,롯데리아 신촌연세로점,Food,20120708083938SUN,20120708085657SUN
374,490,37555231,126936604,55,2,Move,Move,20120708090727SUN
375,491,37553017,126918839,55,2,Move,Move,20120708091417SUN
376,493,37548875,126862669,30,2,Move,Move,20120708092825SUN
377,496,37548576,126859793,26,2,Move,Move,20120708114204SUN
378,497,37548858,126862659,40,2,Move,Move,20120708114907SUN
379,498,37549483,126863846,39,2,Move,Move,20120708115610SUN
380,499,37545924,126844952,30,2,Move,Move,20120708120922SUN
381,500,37549837,126836401,45,2,Move,Move,20120708121619SUN
382,501,37561490,126817601,1598,2,Move,Move,20120708122322SUN
383,502,37561747,126808868,40,2,Move,Move,20120708125026SUN
384,503,37588331,126801380,2406,2,Move,Move,20120708125726SUN
385,504,37576651,126735725,51,2,Move,Move,20120708130614SUN
386,506,37602579,126770452,28,1,송정역,Travel & Transport,20120708131314SUN,20120708135015SUN
387,815,37581157,126735690,20,1,집,Residence,20120708140040SUN,20120708170942SUN
388,509,37576475,126741276,2145,2,Move,Move,20120708172031SUN
389,510,37596953,126778016,2359,2,Move,Move,20120708173041SUN
390,511,37538912,126901697,75,2,Move,Move,20120708174414SUN
391,512,37556089,126936796,30,2,Move,Move,20120708175855SUN
392,514,37558977,126938901,66,1,신촌 엣지헤어,Shop & Service,20120708180608SUN,20120708201417SUN
393,516,37558479,126936204,33,1,신촌 바오밥이야기,Food,20120708202440SUN,20120708211843SUN
394,518,37499396,126892855,2690,2,Move,Move,20120708214602SUN
395,521,0,0,0,1,경인선,Travel & Transport,20120708220000SUN,20120708222715SUN
396,523,37543275,126728414,39,1,계산역,Travel & Transport,20120708223809SUN,20120708225422SUN
397,524,37581452,126738039,3252,2,Move,Move,20120708231036SUN
398,815,37581157,126735690,20,1,집,Residence,20120708231740SUN,20120709072759MON
399,527,37571207,126736458,40,2,Move,Move,20120709073831MON
400,529,37575602,126894278,3439,1,공항철도,Travel & Transport,20120709074749MON,20120709075814MON
401,530,37555771,126934876,114,2,Move,Move,20120709080841MON
402,531,37557541,126936887,35,2,Move,Move,20120709081547MON
403,532,37561495,126937351,30,2,Move,Move,20120709082128MON
404,533,37563542,126937120,26,2,Move,Move,20120709082830MON
405,534,37566140,126939518,1968,2,Move,Move,20120709083533MON
406,535,37564414,126938189,1595,2,Move,Move,20120709084236MON
407,536,37564011,126944540,2049,2,Move,Move,20120709085646MON
408,590,37568173,126939315,20,1,연세대 상대본관 113호,College & Education,20120709090547MON,20120709104543MON
409,977,37564477,126937397,20,1,연세대 광복관 111호,College & Education,20120709105910MON,20120709115944MON
410,977,37564477,126937397,20,1,연세대 광복관 111호,College & Education,20120709121111MON,20120709125828MON
411,543,37563664,126937138,25,2,Move,Move,20120709131355MON
412,544,37563689,126936877,27,2,Move,Move,20120709132824MON
413,545,37567289,126941242,2083,2,Move,Move,20120709133416MON
414,1488,37563747,126936701,20,1,연세대 중앙도서관 지하휴게실,College & Education,20120709134118MON,20120709150320MON
415,548,37563694,126936905,40,2,Move,Move,20120709151412MON
416,1488,37563747,126936701,20,1,연세대 중앙도서관 지하휴게실,College & Education,20120709155235MON,20120709183856MON
417,942,37563742,126936143,21,1,연세대 학술정보원 6층 법학도서관,College & Education,20120709184845MON,20120709185932MON
418,552,37563659,126937854,49,2,Move,Move,20120709191007MON
419,553,37566673,126939600,1601,2,Move,Move,20120709191708MON
420,554,37560864,126936226,45,2,Move,Move,20120709192410MON
421,1488,37563747,126936701,20,1,연세대 중앙도서관 지하휴게실,College & Education,20120709192955MON,20120709204912MON
422,1488,37563747,126936701,20,1,연세대 중앙도서관 지하휴게실,College & Education,20120709213046MON,20120709225012MON
423,1488,37563747,126936701,20,1,연세대 중앙도서관 지하휴게실,College & Education,20120709225656MON,20120709232934MON
424,1488,37563747,126936701,20,1,연세대 중앙도서관 지하휴게실,College & Education,20120709234825MON,20120710002535TUE
425,560,37564152,126937766,52,2,Move,Move,20120710003706TUE
426,1488,37563747,126936701,20,1,연세대 중앙도서관 지하휴게실,College & Education,20120710004407TUE,20120710070853TUE
427,563,37567312,126938605,39,2,Move,Move,20120710071837TUE
428,590,37568173,126939315,20,1,연세대 상대본관 113호,College & Education,20120710072527TUE,20120710083626TUE
429,730,37567720,126938976,30,1,연세대 상대본관 상록샘,Food,20120710084055TUE,20120710085818TUE
430,590,37568173,126939315,20,1,연세대 상대본관 113호,College & Education,20120710090145TUE,20120710104809TUE
431,977,37564477,126937397,20,1,연세대 광복관 111호,College & Education,20120710105838TUE,20120710124132TUE
432,570,37563322,126937875,43,2,Move,Move,20120710130153TUE
433,571,37559234,126937015,59,2,Move,Move,20120710130854TUE
434,572,37555617,126938252,30,2,Move,Move,20120710131558TUE
435,573,37549518,126914142,76,2,Move,Move,20120710134359TUE
436,574,37563979,126862112,1719,2,Move,Move,20120710135102TUE
437,575,37595586,126778323,2524,2,Move,Move,20120710135908TUE
438,815,37581157,126735690,20,1,집,Residence,20120710141436TUE,20120711073356WED
439,579,37572490,126736987,34,2,Move,Move,20120711075343WED
440,580,37386113,126943558,150,2,Move,Move,20120711081125WED
441,581,37557989,126928364,43,2,Move,Move,20120711081825WED
442,582,37558994,126937002,30,2,Move,Move,20120711082514WED
443,583,37567633,126939513,39,2,Move,Move,20120711083348WED
444,584,53446850,-2152441,159,2,Move,Move,20120711084050WED
445,585,37567929,126939470,28,2,Move,Move,20120711084751WED
446,586,37567814,126939538,52,2,Move,Move,20120711085548WED
447,590,37568173,126939315,20,1,연세대 상대본관 113호,College & Education,20120711090246WED,20120711095546WED
448,590,37568173,126939315,20,1,연세대 상대본관 113호,College & Education,20120711100607WED,20120711104304WED
449,730,37567720,126938976,30,1,연세대 상대본관 상록샘,Food,20120711104631WED,20120711105654WED
450,977,37564477,126937397,20,1,연세대 광복관 111호,College & Education,20120711110021WED,20120711115812WED
451,593,37563203,126938261,98,2,Move,Move,20120711121529WED
452,594,37563324,126938755,82,2,Move,Move,20120711122621WED
453,595,37563747,126938416,1524,2,Move,Move,20120711123512WED
454,596,37563346,126937836,42,2,Move,Move,20120711124258WED
455,597,37560125,126937043,52,2,Move,Move,20120711125119WED
456,598,37558737,126936630,57,2,Move,Move,20120711125822WED
457,435,37559271,126936301,24,1,신촌 씽씽노래방,Arts & Entertainment,20120711130525WED,20120711150158WED
458,601,37555687,126938243,39,2,Move,Move,20120711151421WED
459,602,37555709,126938786,30,2,Move,Move,20120711152323WED
460,603,37576476,126741242,2147,2,Move,Move,20120711155306WED
461,604,37579056,126734420,47,2,Move,Move,20120711160217WED
462,815,37581157,126735690,20,1,집,Residence,20120711160917WED,20120712073647THU
463,607,37567115,126741440,57,2,Move,Move,20120712074622THU
464,608,37572490,126737013,30,2,Move,Move,20120712075325THU
465,610,37410824,126911732,37,1,공항철도,Travel & Transport,20120712080223THU,20120712081248THU
466,611,37556653,126936867,30,2,Move,Move,20120712082524THU
467,612,37567398,126939523,79,2,Move,Move,20120712083400THU
468,590,37568173,126939315,20,1,연세대 상대본관 113호,College & Education,20120712090114THU,20120712105200THU
469,617,37564454,126937400,76,2,Move,Move,20120712110230THU
470,977,37564477,126937397,20,1,연세대 광복관 111호,College & Education,20120712111542THU,20120712125822THU
471,1315,37563412,126936462,21,1,연세대 학술정보원 2층 IC,College & Education,20120712132328THU,20120712144258THU
472,623,37563934,126936947,24,2,Move,Move,20120712145427THU
473,633,37563931,126936831,22,1,연세대 중앙도서관 6층 남자휴게실,College & Education,20120712150124THU,20120712155023THU
474,633,37563931,126936831,22,1,연세대 중앙도서관 6층 남자휴게실,College & Education,20120712160227THU,20120712162202THU
475,628,37566464,126939690,1714,2,Move,Move,20120712163227THU
476,629,37563511,126937108,37,2,Move,Move,20120712165531THU
477,633,37563931,126936831,22,1,연세대 중앙도서관 6층 남자휴게실,College & Education,20120712171703THU,20120712180708THU
478,633,37563931,126936831,22,1,연세대 중앙도서관 6층 남자휴게실,College & Education,20120712182302THU,20120712183328THU
479,633,37563931,126936831,22,1,연세대 중앙도서관 6층 남자휴게실,College & Education,20120712183655THU,20120712193025THU
480,633,37563931,126936831,22,1,연세대 중앙도서관 6층 남자휴게실,College & Education,20120712193352THU,20120712194420THU
481,942,37563742,126936143,21,1,연세대 학술정보원 6층 법학도서관,College & Education,20120712194747THU,20120712195810THU
482,633,37563931,126936831,22,1,연세대 중앙도서관 6층 남자휴게실,College & Education,20120712201434THU,20120712211033THU
483,639,37560342,126936929,36,2,Move,Move,20120712212101THU
484,641,37555649,126938719,40,2,Move,Move,20120712213507THU
485,642,37588632,126691789,43,2,Move,Move,20120712221211THU
486,643,37579372,126734719,42,2,Move,Move,20120712221914THU
487,644,37580751,126734781,39,2,Move,Move,20120712222613THU
488,20,37580646,126734840,26,1,집앞,Residence,20120712223312THU,20120712230501THU
489,647,37581178,126735087,32,1,집앞,Residence,20120712230827THU,20120712233552THU
490,815,37581157,126735690,20,1,집,Residence,20120712234237THU,20120713073455FRI
491,649,37571309,126736759,36,2,Move,Move,20120713074525FRI
492,650,37426555,126902997,150,2,Move,Move,20120713075227FRI
493,651,37556169,126924700,130,2,Move,Move,20120713080811FRI
494,652,37557925,126928524,40,2,Move,Move,20120713081514FRI
495,653,37556261,126936888,26,2,Move,Move,20120713082240FRI
496,654,37561794,126937302,39,2,Move,Move,20120713083012FRI
497,730,37567720,126938976,30,1,연세대 상대본관 상록샘,Food,20120713083755FRI,20120713085342FRI
498,590,37568173,126939315,20,1,연세대 상대본관 113호,College & Education,20120713085933FRI,20120713104647FRI
499,658,37566579,126938347,36,2,Move,Move,20120713105716FRI
500,659,37564356,126937253,29,2,Move,Move,20120713110424FRI
501,977,37564477,126937397,20,1,연세대 광복관 111호,College & Education,20120713112239FRI,20120713123823FRI
502,662,37563747,126938416,1524,2,Move,Move,20120713124857FRI
503,663,37563599,126937596,45,2,Move,Move,20120713125559FRI
504,665,37563564,126937497,45,2,Move,Move,20120713131505FRI
505,666,37563762,126936754,25,2,Move,Move,20120713132206FRI
506,667,37563490,126937113,41,2,Move,Move,20120713132906FRI
507,1488,37563747,126936701,20,1,연세대 중앙도서관 지하휴게실,College & Education,20120713133557FRI,20120713181904FRI
508,670,37560431,126936913,40,2,Move,Move,20120713182928FRI
509,671,37557674,126936975,38,2,Move,Move,20120713183631FRI
510,673,37555714,126938291,30,1,탐앤탐스 신촌,Food,20120713184334FRI,20120713190051FRI
511,674,37556779,126936834,45,2,Move,Move,20120713191026FRI
512,676,37557199,126936557,25,1,티지아이 신촌,Food,20120713191727FRI,20120713204036FRI
513,677,37556233,126936888,30,2,Move,Move,20120713205102FRI
514,678,37556203,126936866,30,2,Move,Move,20120713205801FRI
515,680,37521037,126898987,3054,1,2호선,Travel & Transport,20120713210501FRI,20120713211529FRI
516,682,37490168,126825226,1715,1,1호선,Travel & Transport,20120713212553FRI,20120713215613FRI
517,683,37470892,126704043,51,2,Move,Move,20120713220640FRI
518,684,37456481,126714282,40,2,Move,Move,20120713221353FRI
519,685,37450045,126708491,57,2,Move,Move,20120713222053FRI
520,686,37437010,126707045,54,2,Move,Move,20120713222753FRI
521,687,37428944,126715891,37,2,Move,Move,20120713223454FRI
522,688,37427372,126712216,2191,2,Move,Move,20120713224154FRI
523,689,37427372,126712216,2191,2,Move,Move,20120713224852FRI
524,690,37432037,126718659,52,2,Move,Move,20120713225541FRI
525,692,37498195,126730308,1967,1,인천버스 905,Travel & Transport,20120713231153FRI,20120713234456FRI
526,693,37581115,126735260,30,2,Move,Move,20120713235728FRI
527,815,37581157,126735690,20,1,집,Residence,20120714000432SAT,20120714182922SAT
528,696,37571148,126736651,42,2,Move,Move,20120714183955SAT
529,698,37479777,126716880,3239,2,Move,Move,20120714190436SAT
530,699,37446565,126701467,42,2,Move,Move,20120714192015SAT
531,700,37446191,126701008,59,2,Move,Move,20120714192714SAT
532,701,37447646,126700547,1628,2,Move,Move,20120714193417SAT
533,703,37446846,126701147,41,2,Move,Move,20120714194820SAT
534,705,37446237,126700686,30,1,인천구월동 크리스피크림,Food,20120714195725SAT,20120714203535SAT
535,706,37446293,126701604,45,2,Move,Move,20120714210423SAT
536,707,37446206,126701439,36,2,Move,Move,20120714211327SAT
537,708,37443404,126700919,43,2,Move,Move,20120714212028SAT
538,710,37442780,126701087,30,1,Unknown,Unknown,20120714212726SAT,20120714214539SAT
539,712,37442678,126701441,39,1,Unknown,Unknown,20120714215628SAT,20120714220655SAT
540,714,37431942,126709420,2233,2,Move,Move,20120714222526SAT
541,715,37428454,126716042,25,2,Move,Move,20120714223225SAT
542,717,37428744,126716386,27,1,Unknown,Unknown,20120714224031SAT,20120714234128SAT
543,718,37577975,126734577,60,2,Move,Move,20120715001618SUN
544,719,37581105,126735367,38,2,Move,Move,20120715002314SUN
545,815,37581157,126735690,20,1,집,Residence,20120715003416SUN,20120716073952MON
546,722,37571183,126736626,39,2,Move,Move,20120716075244MON
547,723,37506812,126999230,37,2,Move,Move,20120716080058MON
548,724,37593578,126872003,2285,2,Move,Move,20120716080648MON
549,725,37556669,126925021,85,2,Move,Move,20120716081344MON
550,726,37555538,126935390,30,2,Move,Move,20120716082043MON
551,727,37559819,126937179,49,2,Move,Move,20120716082741MON
552,728,37567322,126939531,37,2,Move,Move,20120716083443MON
553,730,37567720,126938976,30,1,연세대 상대본관 상록샘,Food,20120716084231MON,20120716085254MON
554,590,37568173,126939315,20,1,연세대 상대본관 113호,College & Education,20120716085621MON,20120716094510MON
555,590,37568173,126939315,20,1,연세대 상대본관 113호,College & Education,20120716095605MON,20120716104736MON
556,977,37564477,126937397,20,1,연세대 광복관 111호,College & Education,20120716110006MON,20120716124048MON
557,232,37563312,126937845,45,1,연세대 학생회관 B1층 카페테리아,Food,20120716125110MON,20120716130136MON
558,738,37563699,126936818,30,2,Move,Move,20120716131201MON
559,740,37563710,126936945,25,1,연세대 중앙도서관 6층 1열람실,College & Education,20120716131904MON,20120716153345MON
560,633,37563931,126936831,22,1,연세대 중앙도서관 6층 남자휴게실,College & Education,20120716153813MON,20120716155419MON
561,740,37563710,126936945,25,1,연세대 중앙도서관 6층 1열람실,College & Education,20120716155743MON,20120716221718MON
562,747,37576578,126735792,40,2,Move,Move,20120716231656MON
563,748,37580546,126734901,40,2,Move,Move,20120716232404MON
564,749,37580960,126735075,31,2,Move,Move,20120716233104MON
565,815,37581157,126735690,20,1,집,Residence,20120716233840MON,20120717073019TUE
566,752,37572586,126734942,2073,2,Move,Move,20120717074049TUE
567,753,37571580,126736951,97,2,Move,Move,20120717074751TUE
568,754,37574391,126823549,4038,2,Move,Move,20120717075448TUE
569,755,37561890,126982134,24,2,Move,Move,20120717080150TUE
570,756,37557005,126927747,42,2,Move,Move,20120717080851TUE
571,757,37555583,126935319,36,2,Move,Move,20120717081552TUE
572,758,37560395,126937074,72,2,Move,Move,20120717082253TUE
573,759,37560539,126938538,1373,2,Move,Move,20120717082959TUE
574,760,37568184,126939292,31,2,Move,Move,20120717083658TUE
575,730,37567720,126938976,30,1,연세대 상대본관 상록샘,Food,20120717084400TUE,20120717090201TUE
576,590,37568173,126939315,20,1,연세대 상대본관 113호,College & Education,20120717090835TUE,20120717094910TUE
577,590,37568173,126939315,20,1,연세대 상대본관 113호,College & Education,20120717100207TUE,20120717104752TUE
578,766,37564507,126937207,61,2,Move,Move,20120717105820TUE
579,977,37564477,126937397,20,1,연세대 광복관 111호,College & Education,20120717110521TUE,20120717121035TUE
580,770,37563828,126937515,28,1,연세대 학술정보원 6층 법학도서관,College & Education,20120717122101TUE,20120717123128TUE
581,771,37563269,126936930,53,1,연세대 중앙도서관 3층 사회과학자료실,College & Education,20120717123453TUE,20120717130702TUE
582,232,37563312,126937845,45,1,연세대 학생회관 B1층 카페테리아,Food,20120717131129TUE,20120717132322TUE
583,942,37563742,126936143,21,1,연세대 학술정보원 6층 법학도서관,College & Education,20120717133240TUE,20120717134955TUE
584,942,37563742,126936143,21,1,연세대 학술정보원 6층 법학도서관,College & Education,20120717135320TUE,20120717141731TUE
585,777,37563801,126937011,24,2,Move,Move,20120717143459TUE
586,942,37563742,126936143,21,1,연세대 학술정보원 6층 법학도서관,College & Education,20120717144745TUE,20120717150344TUE
587,942,37563742,126936143,21,1,연세대 학술정보원 6층 법학도서관,College & Education,20120717150711TUE,20120717152836TUE
588,942,37563742,126936143,21,1,연세대 학술정보원 6층 법학도서관,College & Education,20120717153126TUE,20120717154301TUE
589,771,37563269,126936930,53,1,연세대 중앙도서관 3층 사회과학자료실,College & Education,20120717155435TUE,20120717171753TUE
590,784,37563934,126936008,21,2,Move,Move,20120717172818TUE
591,942,37563742,126936143,21,1,연세대 학술정보원 6층 법학도서관,College & Education,20120717173516TUE,20120717175233TUE
592,787,37563709,126936915,30,2,Move,Move,20120717180301TUE
593,788,37563691,126937116,32,2,Move,Move,20120717182324TUE
594,771,37563269,126936930,53,1,연세대 중앙도서관 3층 사회과학자료실,College & Education,20120717183249TUE,20120717195931TUE
595,1488,37563747,126936701,20,1,연세대 중앙도서관 지하휴게실,College & Education,20120717200257TUE,20120717215816TUE
596,792,37563505,126937081,20,2,Move,Move,20120717220839TUE
597,1488,37563747,126936701,20,1,연세대 중앙도서관 지하휴게실,College & Education,20120717221543TUE,20120717234022TUE
598,1488,37563747,126936701,20,1,연세대 중앙도서관 지하휴게실,College & Education,20120717234349TUE,20120718000419WED
599,1488,37563747,126936701,20,1,연세대 중앙도서관 지하휴게실,College & Education,20120718001012WED,20120718082546WED
600,797,37565776,126938273,48,2,Move,Move,20120718084016WED
601,798,37567458,126938916,45,2,Move,Move,20120718084813WED
602,799,37567813,126939462,47,2,Move,Move,20120718085715WED
603,590,37568173,126939315,20,1,연세대 상대본관 113호,College & Education,20120718091050WED,20120718105101WED
604,977,37564477,126937397,20,1,연세대 광복관 111호,College & Education,20120718110130WED,20120718123459WED
605,804,37563317,126937891,72,2,Move,Move,20120718124525WED
606,805,37563578,126937006,30,2,Move,Move,20120718125222WED
607,807,37563913,126936079,24,1,연세대 학술정보원 6층 법학도서관,College & Education,20120718125924WED,20120718130838WED
608,808,37563942,126936010,27,2,Move,Move,20120718131903WED
609,811,37563281,126937830,50,2,Move,Move,20120718134206WED
610,812,37558940,126942206,30,2,Move,Move,20120718135537WED
611,814,37555619,126938378,48,1,신촌역 버스정류장,Travel & Transport,20120718140502WED,20120718145400WED
612,815,37581157,126735690,20,1,집,Residence,20120718150621WED,20120719074517THU
613,816,37572463,126735904,2050,2,Move,Move,20120719075648THU
614,817,37571734,126737047,64,2,Move,Move,20120719080350THU
615,819,0,0,0,1,공항철도,Travel & Transport,20120719081051THU,20120719082806THU
616,820,37557637,126929516,39,2,Move,Move,20120719083833THU
617,821,37561067,126935672,45,2,Move,Move,20120719084536THU
618,822,37560424,126936741,40,2,Move,Move,20120719085233THU
619,823,37567981,126939684,33,2,Move,Move,20120719085935THU
620,590,37568173,126939315,20,1,연세대 상대본관 113호,College & Education,20120719090632THU,20120719095318THU
621,590,37568173,126939315,20,1,연세대 상대본관 113호,College & Education,20120719101246THU,20120719104802THU
622,829,37564354,126937188,32,2,Move,Move,20120719105830THU
623,977,37564477,126937397,20,1,연세대 광복관 111호,College & Education,20120719110532THU,20120719124715THU
624,832,37555858,126936374,20,2,Move,Move,20120719125847THU
625,833,37481212,126954113,3674,2,Move,Move,20120719133346THU
626,834,37479064,126952298,32,2,Move,Move,20120719134043THU
627,837,37467255,126951337,45,1,서울대 평생교육원 403호,College & Education,20120719140049THU,20120719145752THU
628,838,37495136,126954348,40,2,Move,Move,20120719152055THU
629,840,37531987,126970313,40,2,Move,Move,20120719153558THU
630,841,37571898,126960213,39,2,Move,Move,20120719155217THU
631,842,37560653,126934819,42,2,Move,Move,20120719155919THU
632,255,37561090,126935589,27,1,연세대 공학원 지하식당,Food,20120719160622THU,20120719162612THU
633,845,37566451,126939701,1714,2,Move,Move,20120719163911THU
634,1488,37563747,126936701,20,1,연세대 중앙도서관 지하휴게실,College & Education,20120719164611THU,20120719185336THU
635,1488,37563747,126936701,20,1,연세대 중앙도서관 지하휴게실,College & Education,20120719190044THU,20120719202954THU
636,1488,37563747,126936701,20,1,연세대 중앙도서관 지하휴게실,College & Education,20120719203837THU,20120719222810THU
637,851,37555770,126938971,110,2,Move,Move,20120719224825THU
638,852,37555766,126938959,33,2,Move,Move,20120719225531THU
639,853,37502002,126989832,36,2,Move,Move,20120719232429THU
640,854,37578799,126734625,37,2,Move,Move,20120719233128THU
641,815,37581157,126735690,20,1,집,Residence,20120719233746THU,20120720073746FRI
642,858,0,0,0,1,공항철도,Travel & Transport,20120720075222FRI,20120720080800FRI
643,859,37557517,126936944,68,2,Move,Move,20120720082151FRI
644,860,37560305,126937123,40,2,Move,Move,20120720082848FRI
645,861,37568098,126939254,45,2,Move,Move,20120720083550FRI
646,730,37567720,126938976,30,1,연세대 상대본관 상록샘,Food,20120720084443FRI,20120720090357FRI
647,590,37568173,126939315,20,1,연세대 상대본관 113호,College & Education,20120720091246FRI,20120720095413FRI
648,590,37568173,126939315,20,1,연세대 상대본관 113호,College & Education,20120720100704FRI,20120720105158FRI
649,977,37564477,126937397,20,1,연세대 광복관 111호,College & Education,20120720105634FRI,20120720120600FRI
650,868,37563543,126937116,25,2,Move,Move,20120720121629FRI
651,870,37563897,126936848,25,2,Move,Move,20120720123941FRI
652,1488,37563747,126936701,20,1,연세대 중앙도서관 지하휴게실,College & Education,20120720124642FRI,20120720142830FRI
653,1488,37563747,126936701,20,1,연세대 중앙도서관 지하휴게실,College & Education,20120720143714FRI,20120720155638FRI
654,1488,37563747,126936701,20,1,연세대 중앙도서관 지하휴게실,College & Education,20120720161521FRI,20120720172225FRI
655,875,37564492,126937680,1467,1,연세대 학생회관 1층 고를샘,Food,20120720173102FRI,20120720180024FRI
656,1488,37563747,126936701,20,1,연세대 중앙도서관 지하휴게실,College & Education,20120720180719FRI,20120721080530SAT
657,877,37561968,126941656,52,2,Move,Move,20120721081716SAT
658,878,37574885,126977058,67,2,Move,Move,20120721082418SAT
659,879,37575644,126983475,1415,2,Move,Move,20120721083323SAT
660,881,37577015,126982704,36,1,풍문여고,College & Education,20120721101233SAT,20120721113853SAT
661,883,37434458,127144748,37,1,인천버스 1101,Travel & Transport,20120721124840SAT,20120721130558SAT
662,815,37581157,126735690,20,1,집,Residence,20120721131621SAT,20120721144156SAT
663,886,37578748,126734664,40,1,파리바게트 장기점,Food,20120721144522SAT,20120721150308SAT
664,887,0,0,0,1,인천지하철,Travel & Transport,20120721151013SAT,20120721153626SAT
665,888,37445927,126701345,45,2,Move,Move,20120721154649SAT
666,890,37500819,126730589,49,1,Unknown,Unknown,20120721221548SAT,20120721222614SAT
667,891,37544041,126738790,1865,2,Move,Move,20120721223748SAT
668,892,37571030,126736710,36,2,Move,Move,20120721224529SAT
669,893,37579605,126735561,44,2,Move,Move,20120721225337SAT
670,815,37581157,126735690,20,1,집,Residence,20120721230035SAT,20120722101643SUN
671,897,0,0,0,1,인천지하철,Travel & Transport,20120722103609SUN,20120722105329SUN
672,898,37490937,126723384,1693,2,Move,Move,20120722110356SUN
673,899,37497436,126703429,36,2,Move,Move,20120722111459SUN
674,900,37501478,126702355,45,2,Move,Move,20120722112202SUN
675,901,37501911,126704517,2184,2,Move,Move,20120722113007SUN
676,902,37501911,126704517,2184,2,Move,Move,20120722114437SUN
677,908,37477309,126751960,150,1,인천산곡동 미추홀회관,Shop & Service,20120722115134SUN,20120722124512SUN
678,905,37501911,126704517,2184,2,Move,Move,20120722125724SUN
679,906,37501911,126704517,2184,2,Move,Move,20120722130532SUN
680,908,37477309,126751960,150,1,인천산곡동 미추홀회관,Shop & Service,20120722131359SUN,20120722140041SUN
681,909,37501911,126704517,2184,2,Move,Move,20120722141844SUN
682,910,37501911,126704517,2184,2,Move,Move,20120722145233SUN
683,912,37495416,127011053,30,1,인천산곡동 미추홀회관,Shop & Service,20120722145934SUN,20120722151716SUN
684,913,37504359,126702777,39,2,Move,Move,20120722152731SUN
685,915,37503949,126703114,51,1,인천산곡동 더존피시방,Shop & Service,20120722153504SUN,20120722184740SUN
686,916,37492895,126677248,2108,2,Move,Move,20120722194357SUN
687,917,37492895,126677248,2108,2,Move,Move,20120722195203SUN
688,919,37492769,126679953,37,1,인천 나은병원,Shop & Service,20120722200010SUN,20120722202745SUN
689,920,37488986,126679924,87,2,Move,Move,20120722203833SUN
690,921,37480254,126689413,42,2,Move,Move,20120722204533SUN
691,815,37581157,126735690,20,1,집,Residence,20120722215710SUN,20120723073937MON
692,924,37571151,126736703,30,2,Move,Move,20120723075003MON
693,926,37567818,126970295,441,1,공항철도,Travel & Transport,20120723075912MON,20120723081630MON
694,928,37560441,126936896,60,2,Move,Move,20120723083355MON
695,929,37557706,126936518,1842,2,Move,Move,20120723084153MON
696,930,37567972,126939390,1883,2,Move,Move,20120723085401MON
697,590,37568173,126939315,20,1,연세대 상대본관 113호,College & Education,20120723090106MON,20120723110015MON
698,977,37564477,126937397,20,1,연세대 광복관 111호,College & Education,20120723110913MON,20120723125714MON
699,935,37563285,126937828,50,2,Move,Move,20120723131528MON
700,936,37563311,126937874,47,2,Move,Move,20120723132407MON
701,938,37563456,126936954,20,1,연세대 학술정보원 6층 법학도서관,College & Education,20120723133413MON,20120723140020MON
702,1488,37563747,126936701,20,1,연세대 중앙도서관 지하휴게실,College & Education,20120723140346MON,20120723141427MON
703,942,37563742,126936143,21,1,연세대 학술정보원 6층 법학도서관,College & Education,20120723142510MON,20120723143641MON
704,942,37563742,126936143,21,1,연세대 학술정보원 6층 법학도서관,College & Education,20120723144008MON,20120723152507MON
705,944,37563776,126935980,46,2,Move,Move,20120723154229MON
706,945,37563532,126937225,27,2,Move,Move,20120723154932MON
707,946,37563554,126937127,36,2,Move,Move,20120723160910MON
708,947,37563727,126936811,25,2,Move,Move,20120723171012MON
709,1488,37563747,126936701,20,1,연세대 중앙도서관 지하휴게실,College & Education,20120723175047MON,20120723201622MON
710,951,37557096,126936924,71,2,Move,Move,20120723203350MON
711,952,37581020,126735173,26,2,Move,Move,20120723212228MON
712,954,37579436,126734569,49,2,Move,Move,20120723214210MON
713,955,37569267,126684229,2238,2,Move,Move,20120723215019MON
714,956,37520322,126679362,2364,2,Move,Move,20120723215829MON
715,957,37500165,126678150,37,2,Move,Move,20120723220529MON
716,959,37496753,126676877,27,1,인천 신흥약국,Shop & Service,20120723221231MON,20120723230454MON
717,960,37564152,126677448,87,2,Move,Move,20120723231702MON
718,961,37571823,126711705,2666,2,Move,Move,20120723232459MON
719,815,37581157,126735690,20,1,집,Residence,20120723233300MON,20120724074319TUE
720,964,37567168,126741737,87,2,Move,Move,20120724075343TUE
721,965,37577660,126734873,2498,2,Move,Move,20120724080047TUE
722,967,0,0,0,1,공항철도,Travel & Transport,20120724080749TUE,20120724082105TUE
723,968,37555380,126937511,37,2,Move,Move,20120724083135TUE
724,969,37560613,126934932,57,2,Move,Move,20120724083837TUE
725,970,37560416,126936638,37,2,Move,Move,20120724084534TUE
726,590,37568173,126939315,20,1,연세대 상대본관 113호,College & Education,20120724090046TUE,20120724094442TUE
727,590,37568173,126939315,20,1,연세대 상대본관 113호,College & Education,20120724095511TUE,20120724104718TUE
728,977,37564477,126937397,20,1,연세대 광복관 111호,College & Education,20120724105747TUE,20120724123738TUE
729,1315,37563412,126936462,21,1,연세대 학술정보원 2층 IC,College & Education,20120724124805TUE,20120724133329TUE
730,232,37563312,126937845,45,1,연세대 학생회관 B1층 카페테리아,Food,20120724133708TUE,20120724141840TUE
731,815,37581157,126735690,20,1,집,Residence,20120724144846TUE,20120724150455TUE
732,983,37557870,126677083,2017,2,Move,Move,20120724152257TUE
733,984,37478421,126680420,87,2,Move,Move,20120724153507TUE
734,988,37489040,126679770,37,1,인천 나은병원 주차장,Shop & Service,20120724155650TUE,20120724160713TUE
735,990,37488813,126679705,43,1,인천 나은병원 장례식장,Shop & Service,20120724161741TUE,20120724164841TUE
736,991,37489309,126679944,72,2,Move,Move,20120724165906TUE
737,992,37490940,126678395,1876,2,Move,Move,20120724170604TUE
738,993,37490940,126678395,1876,2,Move,Move,20120724171303TUE
739,995,37489901,126680308,39,1,인천가좌동 골뱅이집,Food,20120724172005TUE,20120724180858TUE
740,996,37489131,126680516,1876,2,Move,Move,20120724181921TUE
741,997,37544861,126676796,55,2,Move,Move,20120724183655TUE
742,998,37572121,126711392,2655,2,Move,Move,20120724185653TUE
743,999,37581023,126735230,29,2,Move,Move,20120724190550TUE
744,815,37581157,126735690,20,1,집,Residence,20120724191242TUE,20120725074030WED
745,1004,37577020,126899496,24,1,공항철도,Travel & Transport,20120725075959WED,20120725081357WED
746,1005,37555547,126935361,30,2,Move,Move,20120725082434WED
747,1006,37559510,126937029,43,2,Move,Move,20120725083138WED
748,1008,37567153,126938219,27,2,Move,Move,20120725084539WED
749,1009,37568486,126939261,1882,2,Move,Move,20120725085545WED
750,590,37568173,126939315,20,1,연세대 상대본관 113호,College & Education,20120725093936WED,20120725095005WED
751,730,37567720,126938976,30,1,연세대 상대본관 상록샘,Food,20120725095333WED,20120725100414WED
752,590,37568173,126939315,20,1,연세대 상대본관 113호,College & Education,20120725100903WED,20120725104716WED
753,1014,37563456,126936642,39,2,Move,Move,20120725105746WED
754,977,37564477,126937397,20,1,연세대 광복관 111호,College & Education,20120725110448WED,20120725121743WED
755,1017,37563328,126937868,45,2,Move,Move,20120725123016WED
756,1018,37563454,126937718,40,2,Move,Move,20120725124249WED
757,633,37563931,126936831,22,1,연세대 중앙도서관 6층 남자휴게실,College & Education,20120725124950WED,20120725140925WED
758,1488,37563747,126936701,20,1,연세대 중앙도서관 지하휴게실,College & Education,20120725141251WED,20120725205434WED
759,1488,37563747,126936701,20,1,연세대 중앙도서관 지하휴게실,College & Education,20120725210403WED,20120725225337WED
760,1024,37563956,126937218,93,2,Move,Move,20120725231105WED
761,1488,37563747,126936701,20,1,연세대 중앙도서관 지하휴게실,College & Education,20120725232206WED,20120726064727THU
762,1488,37563747,126936701,20,1,연세대 중앙도서관 지하휴게실,College & Education,20120726065936THU,20120726071901THU
763,590,37568173,126939315,20,1,연세대 상대본관 113호,College & Education,20120726073135THU,20120726094124THU
764,1031,37563828,126938038,49,2,Move,Move,20120726111035THU
765,1488,37563747,126936701,20,1,연세대 중앙도서관 지하휴게실,College & Education,20120726112342THU,20120726131653THU
766,1034,37564450,126937593,29,1,연세대 광복관 B106호,College & Education,20120726132019THU,20120726154152THU
767,1035,37558302,126926931,86,2,Move,Move,20120726161135THU
768,1036,37549327,126913707,40,2,Move,Move,20120726161832THU
769,1037,37565380,126858879,36,2,Move,Move,20120726162535THU
770,1038,37575508,126753782,2434,2,Move,Move,20120726163342THU
771,1039,37578481,126734763,45,2,Move,Move,20120726164038THU
772,1040,37576189,126740932,2159,2,Move,Move,20120726164738THU
773,815,37581157,126735690,20,1,집,Residence,20120726165328THU,20120727082154FRI
774,1043,37571160,126736484,37,2,Move,Move,20120727083450FRI
775,1045,37571359,126736508,87,1,공항철도,Travel & Transport,20120727084342FRI,20120727090015FRI
776,1047,37480501,126952704,34,2,Move,Move,20120727093742FRI
777,1048,37482816,126940218,4452,2,Move,Move,20120727095633FRI
778,1050,37556742,126925269,1774,2,Move,Move,20120727102345FRI
779,1051,37557421,126926019,156,2,Move,Move,20120727103041FRI
780,1052,37557322,126925736,134,2,Move,Move,20120727111308FRI
781,1053,37557232,126925671,123,2,Move,Move,20120727121611FRI
782,1054,37557786,126929042,49,2,Move,Move,20120727122312FRI
783,435,37559271,126936301,24,1,신촌 씽씽노래방,Arts & Entertainment,20120727123713FRI,20120727144039FRI
784,1609,37557756,126936464,26,1,신촌 콩각시,Food,20120727144650FRI,20120727151840FRI
785,1058,37579410,126735604,33,2,Move,Move,20120727154700FRI
786,815,37581157,126735690,20,1,집,Residence,20120727155541FRI,20120730141707MON
787,1061,37578638,126734732,31,2,Move,Move,20120730142930MON
788,1063,37561756,126937330,61,2,Move,Move,20120730153606MON
789,1064,37563957,126936898,39,2,Move,Move,20120730154713MON
790,1066,37555886,126936804,52,2,Move,Move,20120730163303MON
791,1067,37555981,126936289,1447,2,Move,Move,20120730164239MON
792,1068,37555790,126936561,57,2,Move,Move,20120730164938MON
793,1069,37556005,126935793,1373,2,Move,Move,20120730165737MON
794,1071,37556143,126936778,34,1,신촌 홍익문고 1층,Shop & Service,20120730171333MON,20120730172404MON
795,1072,37555939,126939505,36,2,Move,Move,20120730173428MON
796,1073,37542907,126972425,30,2,Move,Move,20120730180217MON
797,262,37542918,126972513,21,1,숙대입구 엔제리너스커피,Food,20120730183205MON,20120730211307MON
798,1078,37470848,126702903,52,2,Move,Move,20120730221842MON
799,1079,37469109,126703750,40,2,Move,Move,20120730222542MON
800,1080,37464303,126708042,40,2,Move,Move,20120730223241MON
801,1081,37453976,126718869,40,2,Move,Move,20120730224223MON
802,1082,37443659,126706822,31,2,Move,Move,20120730224924MON
803,1083,37428379,126715767,42,2,Move,Move,20120730225620MON
804,1084,37433264,126723484,2218,2,Move,Move,20120730230524MON
805,1085,37432501,126718978,72,2,Move,Move,20120730232020MON
806,1086,37571106,126736578,57,2,Move,Move,20120730235514MON
807,1087,37575393,126734114,37,2,Move,Move,20120731000211TUE
808,1088,37580830,126734877,83,2,Move,Move,20120731001059TUE
809,815,37581157,126735690,20,1,집,Residence,20120731001912TUE,20120731162616TUE
810,1091,37534112,126949604,64,2,Move,Move,20120731165046TUE
811,1092,37533413,126963535,30,2,Move,Move,20120731165750TUE
812,1093,37532481,126965403,58,2,Move,Move,20120731170455TUE
813,1094,37534945,126962311,45,2,Move,Move,20120731171214TUE
814,1095,37534064,126958468,76,2,Move,Move,20120731171916TUE
815,1096,37553910,126937280,65,2,Move,Move,20120731173548TUE
816,1097,37555344,126937211,39,2,Move,Move,20120731174249TUE
817,232,37563312,126937845,45,1,연세대 학생회관 B1층 카페테리아,Food,20120731175354TUE,20120731180518TUE
818,633,37563931,126936831,22,1,연세대 중앙도서관 6층 남자휴게실,College & Education,20120731181745TUE,20120731184025TUE
819,1102,37563440,126937023,20,1,연세대 중앙도서관 1층 로비,College & Education,20120731184915TUE,20120731191520TUE
820,1105,37529294,126964490,31,1,용산 아이파크몰 E스포츠경기장,Arts & Entertainment,20120731194432TUE,20120731214750TUE
821,1106,37505223,127010506,2434,2,Move,Move,20120731220926TUE
822,1109,37504346,127003972,30,1,센트럴시티 터미널,Travel & Transport,20120731223735TUE,20120731235325TUE
823,1110,37437603,127062941,1868,2,Move,Move,20120801000457WED
824,1133,0,0,0,1,여천 시외버스터미널,Travel & Transport,20120801031026WED,20120801032212WED
825,1135,34775968,127649634,37,2,Move,Move,20120801034622WED
826,1136,34776632,127650726,58,2,Move,Move,20120801035320WED
827,1137,34774784,127653793,46,2,Move,Move,20120801040022WED
828,1138,34770195,127654780,67,2,Move,Move,20120801040721WED
829,1139,34766228,127655130,28,2,Move,Move,20120801041822WED
830,1140,34766511,127658839,44,2,Move,Move,20120801042523WED
831,1141,34766532,127662401,85,2,Move,Move,20120801043225WED
832,1142,34767003,127662884,1878,2,Move,Move,20120801044034WED
833,1143,34765643,127669284,37,2,Move,Move,20120801044733WED
834,1144,34764725,127675082,40,2,Move,Move,20120801045437WED
835,1146,34764544,127678581,51,1,여수 메가박스 앞,Travel & Transport,20120801050506WED,20120801055605WED
836,1147,34753431,127736317,48,2,Move,Move,20120801060938WED
837,1148,34740151,127735863,30,2,Move,Move,20120801061631WED
838,1149,34740186,127735056,45,2,Move,Move,20120801062334WED
839,1151,34752455,127748515,43,2,Move,Move,20120801063739WED
840,1154,34752911,127748316,43,1,여수엑스포역,Travel & Transport,20120801065424WED,20120801072226WED
841,1155,34749031,127745328,1716,2,Move,Move,20120801073254WED
842,1156,34738429,127736768,1921,2,Move,Move,20120801073958WED
843,1157,34740358,127733130,42,2,Move,Move,20120801074556WED
844,1159,34740247,127732851,55,1,여수 김밥천국,Food,20120801080826WED,20120801083930WED
845,1160,34763070,127706615,60,2,Move,Move,20120801085716WED
846,1161,34764387,127677326,2230,2,Move,Move,20120801090522WED
847,1162,34766405,127660881,42,2,Move,Move,20120801091247WED
848,1168,34766163,127655163,60,1,여수 좌수영사우나 탈의실,Travel & Transport,20120801092057WED,20120801094436WED
849,1166,34766196,127655074,43,1,여수 좌수영사우나 수면실,Travel & Transport,20120801095610WED,20120801101936WED
850,1166,34766196,127655074,43,1,여수 좌수영사우나 수면실,Travel & Transport,20120801102303WED,20120801124049WED
851,1168,34766163,127655163,60,1,여수 좌수영사우나 탈의실,Travel & Transport,20120801125448WED,20120801130651WED
852,1170,34765891,127655513,43,1,여수 좌수영사우나 탈의실,Travel & Transport,20120801131953WED,20120801134953WED
853,1171,34766042,127656633,1805,2,Move,Move,20120801140200WED
854,1172,34766042,127656633,1805,2,Move,Move,20120801141005WED
855,1173,34765618,127657244,1774,2,Move,Move,20120801141955WED
856,1175,34766316,127655800,76,1,여수 J's 커피앤초콜릿,Food,20120801142652WED,20120801145108WED
857,1176,34765611,127662986,51,2,Move,Move,20120801150735WED
858,1177,34760009,127675280,44,2,Move,Move,20120801151738WED
859,1178,34757540,127673752,1947,2,Move,Move,20120801152435WED
860,1179,34757540,127673752,1947,2,Move,Move,20120801153438WED
861,1180,34749601,127671851,32,2,Move,Move,20120801154147WED
862,1181,34747324,127671594,30,2,Move,Move,20120801155147WED
863,1182,34731853,127657702,4300,2,Move,Move,20120801160453WED
864,1183,34749119,127677438,2104,2,Move,Move,20120801161258WED
865,1184,34750495,127674371,1872,2,Move,Move,20120801162839WED
866,1185,34750495,127674371,1872,2,Move,Move,20120801163807WED
867,1186,34749944,127657463,2142,2,Move,Move,20120801165401WED
868,1188,34748229,127678538,2226,1,여수 웅천 샹떼피시방,Food,20120801171320WED,20120801180637WED
869,1189,34747349,127671562,30,2,Move,Move,20120801181958WED
870,1190,34748495,127693370,43,2,Move,Move,20120801182806WED
871,1191,34753254,127705491,1728,2,Move,Move,20120801183509WED
872,1192,34747355,127715859,1728,2,Move,Move,20120801184318WED
873,1193,34745857,127742639,42,2,Move,Move,20120801185351WED
874,1194,34749031,127745328,1716,2,Move,Move,20120801190254WED
875,1195,34750768,127747099,31,2,Move,Move,20120801190955WED
876,1197,34753435,127751205,39,1,여수 엑스포장 광장,Travel & Transport,20120801191653WED,20120801195438WED
877,1198,34745641,127742646,34,2,Move,Move,20120801201118WED
878,1199,34753507,127735077,1791,2,Move,Move,20120801201923WED
879,1201,34757998,127717126,30,1,여수 시외버스터미널,Travel & Transport,20120801210236WED,20120801214310WED
880,1202,34800639,127659812,2806,2,Move,Move,20120801215735WED
881,1203,34874762,127571691,3071,2,Move,Move,20120801220542WED
882,1204,35042348,127503325,3058,2,Move,Move,20120801222045WED
883,1205,35152809,127454268,2952,2,Move,Move,20120801222853WED
884,1206,35319862,127370535,4656,2,Move,Move,20120801223958WED
885,1207,35434438,127313594,3815,2,Move,Move,20120801224804WED
886,1208,35547680,127314692,2548,2,Move,Move,20120801225602WED
887,1209,35707724,127249925,2303,2,Move,Move,20120801231007WED
888,1210,35892150,127159141,2934,2,Move,Move,20120801232205WED
889,1211,36010551,127107105,2498,2,Move,Move,20120801233204WED
890,1212,36146565,127058574,2309,2,Move,Move,20120801234002WED
891,1214,36352914,127069472,150,2,Move,Move,20120802000553THU
892,1216,36547742,127114624,1874,2,Move,Move,20120802002359THU
893,1217,36691082,127118523,2475,2,Move,Move,20120802003208THU
894,1218,36778924,127175905,1874,2,Move,Move,20120802004012THU
895,1219,36913337,127188945,2560,2,Move,Move,20120802004820THU
896,1220,37000572,127151617,2241,2,Move,Move,20120802005522THU
897,1221,37121511,127103898,2173,2,Move,Move,20120802010327THU
898,1222,37242902,127103645,2143,2,Move,Move,20120802011134THU
899,1223,37373957,127102655,2182,2,Move,Move,20120802011941THU
900,1224,37565449,126805452,39,2,Move,Move,20120802012643THU
901,1225,37503969,127001642,1415,2,Move,Move,20120802013450THU
902,1227,37504042,127001559,1457,1,센트럴시티 터미널,Travel & Transport,20120802014527THU,20120802052626THU
903,1228,37505620,127004698,40,2,Move,Move,20120802053747THU
904,1230,37506602,127006563,1345,1,고속터미널 김밥집,Food,20120802054443THU,20120802063357THU
905,815,37581157,126735690,20,1,집,Residence,20120802071217THU,20120802172437THU
906,1233,37571216,126736409,39,2,Move,Move,20120802174015THU
907,1234,37571172,126736495,64,2,Move,Move,20120802174712THU
908,1235,37545247,126738857,30,2,Move,Move,20120802180351THU
909,1236,37537498,126736467,46,2,Move,Move,20120802181448THU
910,1238,37536229,126737394,1691,1,인천계산동 에이원 피시방,Arts & Entertainment,20120802182145THU,20120802200933THU
911,1239,37536229,126737394,1691,2,Move,Move,20120802202447THU
912,1240,37536229,126737394,1691,2,Move,Move,20120802203253THU
913,1241,37536206,126737163,1760,2,Move,Move,20120802204450THU
914,1242,37536206,126737163,1760,2,Move,Move,20120802205447THU
915,1243,37536448,126737389,1625,2,Move,Move,20120802210253THU
916,1244,37536448,126737389,1625,2,Move,Move,20120802211102THU
917,1245,37534602,126736102,45,2,Move,Move,20120802211734THU
918,1247,37534177,126735886,45,1,인천계산동 와라와라,Nightlife,20120802212433THU,20120802232438THU
919,1248,37541101,126735557,47,2,Move,Move,20120802233556THU
920,1249,37544193,126738120,37,2,Move,Move,20120802234259THU
921,1251,37571153,126736547,30,2,Move,Move,20120803000136FRI
922,815,37581157,126735690,20,1,집,Residence,20120803002623FRI,20120803152353FRI
923,1254,37571208,126736619,24,2,Move,Move,20120803153609FRI
924,1255,37576547,126893265,3422,2,Move,Move,20120803155920FRI
925,1257,37570760,126977775,37,2,Move,Move,20120803162507FRI
926,1258,37567326,126967625,43,2,Move,Move,20120803163815FRI
927,1259,37559700,126937191,52,2,Move,Move,20120803165653FRI
928,1260,37563516,126937012,26,2,Move,Move,20120803170355FRI
929,1261,37563639,126936957,34,2,Move,Move,20120803180336FRI
930,232,37563312,126937845,45,1,연세대 학생회관 B1층 카페테리아,Food,20120803181038FRI,20120803195047FRI
931,1488,37563747,126936701,20,1,연세대 중앙도서관 지하휴게실,College & Education,20120803202159FRI,20120803225216FRI
932,1266,37563888,126934128,20,1,연세대 서문 GS25,Food,20120803231637FRI,20120803232801FRI
933,1267,37567220,126941142,2033,2,Move,Move,20120803233848FRI
934,1488,37563747,126936701,20,1,연세대 중앙도서관 지하휴게실,College & Education,20120804002000SAT,20120804081944SAT
935,1270,37559406,126937119,43,2,Move,Move,20120804082936SAT
936,1271,37555845,126936406,30,2,Move,Move,20120804083637SAT
937,1273,37530485,126899371,42,1,지하철 2호선,Travel & Transport,20120804084336SAT,20120804085406SAT
938,1274,37520985,126895391,1406,2,Move,Move,20120804090736SAT
939,1276,37520985,126895391,1406,1,양화중학교,College & Education,20120804091545SAT,20120804093408SAT
940,1277,37520985,126895391,1406,2,Move,Move,20120804094651SAT
941,1278,37521690,126895087,1340,2,Move,Move,20120804095516SAT
942,1279,37518142,126898970,1342,2,Move,Move,20120804100322SAT
943,1280,37518142,126898970,1342,2,Move,Move,20120804101128SAT
944,1281,37518142,126898970,1342,2,Move,Move,20120804102050SAT
945,1282,37518142,126898970,1342,2,Move,Move,20120804102912SAT
946,1283,37518142,126898970,1342,2,Move,Move,20120804103717SAT
947,1284,37518142,126898970,1342,2,Move,Move,20120804104522SAT
948,1285,37518142,126898970,1342,2,Move,Move,20120804105330SAT
949,1286,37518142,126898970,1342,2,Move,Move,20120804110135SAT
950,1287,37520995,126895180,1418,2,Move,Move,20120804110941SAT
951,1288,37518888,126895091,39,2,Move,Move,20120804111642SAT
952,1289,37501918,126894918,2549,2,Move,Move,20120804112345SAT
953,1291,37557429,126925945,151,2,Move,Move,20120804113747SAT
954,1292,37575621,126894263,3435,2,Move,Move,20120804114450SAT
955,1293,37572545,126734921,2007,2,Move,Move,20120804120701SAT
956,1294,37578638,126734736,37,2,Move,Move,20120804121359SAT
957,815,37581157,126735690,20,1,집,Residence,20120804122806SAT,20120805141854SUN
958,1297,37400088,126724746,43,2,Move,Move,20120805150021SUN
959,1299,37400445,126724237,49,1,인천논현동 아가씨와건달들,Shop & Service,20120805150627SUN,20120805190035SUN
960,1300,37401504,126723286,55,1,논현동 찜닭집,Food,20120805193641SUN,20120805211034SUN
961,1301,37516452,126732232,112,1,인천버스 905 (이동중),Travel & Transport,20120805221207SUN,20120805223804SUN
962,1302,37578888,126735878,38,2,Move,Move,20120805224758SUN
963,815,37581157,126735690,20,1,집,Residence,20120805225459SUN,20120806100548MON
964,1305,37590620,126800820,2221,2,Move,Move,20120806101918MON
965,1306,37572928,126804300,1729,2,Move,Move,20120806102623MON
966,1307,37562137,126806199,64,2,Move,Move,20120806103327MON
967,1308,37557905,126844213,37,2,Move,Move,20120806104355MON
968,1309,37551513,126863455,36,2,Move,Move,20120806105057MON
969,1310,37561631,126902414,1591,2,Move,Move,20120806105902MON
970,1311,37562389,126931737,30,2,Move,Move,20120806110554MON
971,1312,37561734,126935849,110,2,Move,Move,20120806111252MON
972,1313,37563433,126937120,75,2,Move,Move,20120806111953MON
973,1315,37563412,126936462,21,1,연세대 학술정보원 2층 IC,College & Education,20120806113458MON,20120806114544MON
974,1315,37563412,126936462,21,1,연세대 학술정보원 2층 IC,College & Education,20120806115613MON,20120806131045MON
975,232,37563312,126937845,45,1,연세대 학생회관 B1층 카페테리아,Food,20120806131624MON,20120806132651MON
976,1322,37563415,126936411,36,1,연세대 학술정보원 2층 IC,College & Education,20120806133018MON,20120806180949MON
977,1321,37563234,126937697,39,1,연세대 학생회관 1층 프레프레,Food,20120806182018MON,20120806183158MON
978,1322,37563415,126936411,36,1,연세대 학술정보원 2층 IC,College & Education,20120806183638MON,20120806191429MON
979,1326,37563553,126937231,22,1,연세대 중앙도서관 1층 노트북열람실,College & Education,20120806191757MON,20120807003111TUE
980,1326,37563553,126937231,22,1,연세대 중앙도서관 1층 노트북열람실,College & Education,20120807004424TUE,20120807014941TUE
981,1326,37563553,126937231,22,1,연세대 중앙도서관 1층 노트북열람실,College & Education,20120807015307TUE,20120807082806TUE
982,1327,37561552,126937329,45,2,Move,Move,20120807083836TUE
983,1330,37566979,127053950,71,2,Move,Move,20120807091738TUE
984,1332,37568530,127052440,1728,1,서울상공회의소 동부지사 대기실,College & Education,20120807093002TUE,20120807093921TUE
985,1333,37569368,127049157,1650,1,서울상공회의소 동부지사 수험실,College & Education,20120807094240TUE,20120807104301TUE
986,1334,37569519,127048809,1657,1,답십리역 김밥천국,Food,20120807113517TUE,20120807114540TUE
987,1336,0,0,0,1,공항철도,Travel & Transport,20120807115609TUE,20120807125800TUE
988,1337,37571342,126736582,30,2,Move,Move,20120807130830TUE
989,1338,37578655,126735807,27,2,Move,Move,20120807131530TUE
990,815,37581157,126735690,20,1,집,Residence,20120807132602TUE,20120808140316WED
991,1342,37572372,126735756,2076,1,계양역,Travel & Transport,20120808142026WED,20120808143241WED
992,1343,37575604,126894304,3436,1,공항철도,Travel & Transport,20120808143806WED,20120808144833WED
993,1344,37555459,126935484,30,2,Move,Move,20120808145859WED
994,1346,37555953,126935268,36,1,신촌역 Kfc,Food,20120808150633WED,20120808154441WED
995,1347,37556583,126936895,37,2,Move,Move,20120808155415WED
996,1348,37558592,126936903,52,2,Move,Move,20120808160115WED
997,1349,37559119,126937254,1625,2,Move,Move,20120808160920WED
998,1350,37559119,126937254,1625,2,Move,Move,20120808161725WED
999,1351,37559119,126937254,1625,2,Move,Move,20120808162532WED
1000,1352,37559119,126937254,1625,2,Move,Move,20120808163337WED
1001,1353,37559119,126937254,1625,2,Move,Move,20120808164142WED
1002,1354,37559119,126937254,1625,2,Move,Move,20120808164947WED
1003,1355,37558550,126935607,1393,2,Move,Move,20120808165729WED
1004,1356,37558550,126935607,1393,2,Move,Move,20120808170534WED
1005,1357,37558550,126935607,1393,2,Move,Move,20120808171339WED
1006,1358,37558550,126935607,1393,2,Move,Move,20120808172539WED
1007,1359,37558550,126935607,1393,2,Move,Move,20120808173347WED
1008,1360,37558550,126935607,1393,2,Move,Move,20120808174152WED
1009,1361,37558550,126935607,1393,2,Move,Move,20120808174957WED
1010,1362,37558550,126935607,1393,2,Move,Move,20120808175803WED
1011,1363,37558550,126935607,1393,2,Move,Move,20120808180611WED
1012,1364,37557092,126936892,53,2,Move,Move,20120808181315WED
1013,1366,0,0,0,1,공항철도,Travel & Transport,20120808182016WED,20120808183003WED
1014,1367,37555395,126921672,30,2,Move,Move,20120808184029WED
1015,1368,37535777,126897766,34,2,Move,Move,20120808184826WED
1016,1369,37531306,126886273,43,2,Move,Move,20120808185526WED
1017,1370,37530626,126722378,52,2,Move,Move,20120808191600WED
1018,304,37543275,126727806,37,1,인천계산동 스위티피시방,Arts & Entertainment,20120808192850WED,20120808221123WED
1019,1375,37571202,126736795,37,1,계양역,Travel & Transport,20120808222152WED,20120808224606WED
1020,815,37581157,126735690,20,1,집,Residence,20120808225627WED,20120810152142FRI
1021,1378,37549041,126913121,39,2,Move,Move,20120810155300FRI
1022,1379,37555335,126936871,40,2,Move,Move,20120810160156FRI
1023,1380,37565307,126938371,34,2,Move,Move,20120810161048FRI
1024,1381,37563843,126938009,1566,2,Move,Move,20120810161950FRI
1025,1383,37564320,126937924,25,1,연세대 학생회관 B1층 슬기샘,Shop & Service,20120810162652FRI,20120810170122FRI
1026,1385,37556209,126940149,40,1,신촌역 버스정류장,Travel & Transport,20120810171559FRI,20120810175027FRI
1027,1386,37541083,126728324,40,2,Move,Move,20120810181543FRI
1028,1388,37540208,126727361,55,1,인천계산동 왕돈까스,Food,20120810182301FRI,20120810185332FRI
1029,1389,37543304,126728062,29,2,Move,Move,20120810190342FRI
1030,304,37543275,126727806,37,1,인천계산동 스위티피시방,Arts & Entertainment,20120810191044FRI,20120810214953FRI
1031,1392,37547796,126740758,34,2,Move,Move,20120810220116FRI
1032,1393,37570853,126736740,49,2,Move,Move,20120810220814FRI
1033,1394,37579448,126734671,46,2,Move,Move,20120810221516FRI
1034,1395,37580181,126737278,2979,2,Move,Move,20120810222325FRI
1035,1396,37580181,126737278,2979,2,Move,Move,20120810223130FRI
1036,1397,37580181,126737278,2979,2,Move,Move,20120810223938FRI
1037,1398,37581103,126734859,43,2,Move,Move,20120810224743FRI
1038,1399,37581075,126734822,39,2,Move,Move,20120810225538FRI
1039,815,37581157,126735690,20,1,집,Residence,20120810231126FRI,20120811104543SAT
1040,1402,37449721,126718932,60,2,Move,Move,20120811111700SAT
1041,1403,37430044,126717404,52,2,Move,Move,20120811112403SAT
1042,1404,37428866,126716339,24,2,Move,Move,20120811113058SAT
1043,1405,37428861,126716182,45,2,Move,Move,20120811115244SAT
1044,1406,37432299,126710004,1774,2,Move,Move,20120811120053SAT
1045,1407,37443639,126701584,30,2,Move,Move,20120811120753SAT
1046,1408,37447106,126701105,55,2,Move,Move,20120811121747SAT
1047,1409,37447155,126701462,2870,2,Move,Move,20120811122443SAT
1048,1410,37446402,126701402,40,2,Move,Move,20120811123156SAT
1049,1411,37446113,126701249,30,2,Move,Move,20120811123748SAT
1050,1413,37445595,126701226,35,1,인천구월동 아비꼬,Food,20120811131535SAT,20120811135026SAT
1051,705,37446237,126700686,30,1,인천구월동 크리스피크림,Food,20120811135929SAT,20120811143553SAT
1052,1631,37446266,126700942,20,1,인천구월동 교보문고,Shop & Service,20120811145321SAT,20120811155341SAT
1053,1418,37447769,126700427,1662,2,Move,Move,20120811160548SAT
1054,1419,37447155,126701462,2870,2,Move,Move,20120811161248SAT
1055,1420,37448330,126701372,30,2,Move,Move,20120811161945SAT
1056,1422,37531546,126716652,2076,1,인천지하철,Travel & Transport,20120811162645SAT,20120811165805SAT
1057,1423,37574185,126823773,3896,1,공항철도,Travel & Transport,20120811170132SAT,20120811171857SAT
1058,1426,37609607,126930718,39,2,Move,Move,20120811174708SAT
1059,1427,37611647,126928790,36,2,Move,Move,20120811175410SAT
1060,1428,37613453,126926863,40,2,Move,Move,20120811181711SAT
1061,1429,37610120,126928857,24,2,Move,Move,20120811182958SAT
1062,1430,37610201,126928825,42,2,Move,Move,20120811183900SAT
1063,1432,37612270,126928249,43,1,불광 TGO피시방,Arts & Entertainment,20120811184603SAT,20120811201605SAT
1064,1435,0,0,0,1,불광역,Travel & Transport,20120811204238SAT,20120811205306SAT
1065,1436,37577184,126898091,39,2,Move,Move,20120811210331SAT
1066,1423,37574185,126823773,3896,1,공항철도,Travel & Transport,20120811211232SAT,20120811212328SAT
1067,1440,37572101,126731425,36,1,인천지하철,Travel & Transport,20120811213436SAT,20120811220705SAT
1068,1441,37442506,126701389,46,2,Move,Move,20120811221626SAT
1069,1442,37443521,126701709,40,2,Move,Move,20120811222325SAT
1070,1443,37428473,126715552,42,2,Move,Move,20120811223024SAT
1071,1444,37428583,126715563,37,2,Move,Move,20120811223724SAT
1072,1445,37431948,126718628,43,2,Move,Move,20120811224432SAT
1073,1446,37575722,126754400,2386,2,Move,Move,20120811233621SAT
1074,1447,37578944,126735187,29,2,Move,Move,20120811234319SAT
1075,1448,37581085,126734974,40,2,Move,Move,20120811235019SAT
1076,815,37581157,126735690,20,1,집,Residence,20120811235922SAT,20120812142705SUN
1077,1451,37578679,126734704,39,2,Move,Move,20120812143733SUN
1078,1452,37448891,126701292,30,2,Move,Move,20120812152834SUN
1079,1453,37448367,126701059,52,2,Move,Move,20120812153533SUN
1080,1454,37445383,126701322,46,2,Move,Move,20120812154235SUN
1081,1455,37443299,126702246,45,2,Move,Move,20120812154935SUN
1082,1456,37458839,126679878,36,2,Move,Move,20120812160451SUN
1083,1457,37464178,126679843,45,2,Move,Move,20120812161025SUN
1084,1459,37462157,126681362,94,2,Move,Move,20120812165706SUN
1085,1460,37461909,126682160,31,2,Move,Move,20120812170304SUN
1086,1462,37463970,126680496,36,2,Move,Move,20120812223828SUN
1087,1463,37448599,126679208,51,2,Move,Move,20120812224526SUN
1088,1464,37443654,126701064,40,2,Move,Move,20120812225429SUN
1089,1465,37429238,126714652,42,2,Move,Move,20120812230130SUN
1090,1466,37429995,126717653,53,2,Move,Move,20120812231027SUN
1091,1467,37511213,126732067,36,2,Move,Move,20120812233118SUN
1092,1468,37579490,126735660,51,2,Move,Move,20120812235526SUN
1093,815,37581157,126735690,20,1,집,Residence,20120813000222MON,20120813125351MON
1094,1472,37578269,126734880,37,1,인천장기동 중국성,Food,20120813130417MON,20120813132228MON
1095,1473,37577343,126779587,2664,2,Move,Move,20120813134118MON
1096,1474,37565585,126802578,137,2,Move,Move,20120813134818MON
1097,1475,37560530,126821016,1865,2,Move,Move,20120813135524MON
1098,1477,37565821,126926679,60,2,Move,Move,20120813142305MON
1099,1479,37562992,126937182,49,2,Move,Move,20120813143552MON
1100,1481,37563476,126937043,26,1,연세대 중앙도서관 2층 인문자료실,College & Education,20120813144209MON,20120813145243MON
1101,1482,37563581,126937004,21,2,Move,Move,20120813150314MON
1102,1483,37563162,126937384,37,2,Move,Move,20120813151014MON
1103,1484,37563926,126936907,36,2,Move,Move,20120813151713MON
1104,1486,37563747,126936682,40,2,Move,Move,20120813154323MON
1105,1488,37563747,126936701,20,1,연세대 중앙도서관 지하휴게실,College & Education,20120813155352MON,20120813171549MON
1106,1489,37563435,126938929,61,2,Move,Move,20120813173132MON
1107,1490,37564256,126938096,1376,2,Move,Move,20120813174033MON
1108,1491,37560651,126935100,1373,2,Move,Move,20120813174736MON
1109,1492,37561410,126938641,1373,2,Move,Move,20120813175434MON
1110,1493,37568957,126964023,1393,2,Move,Move,20120813180136MON
1111,1494,37569747,126972956,22,2,Move,Move,20120813180839MON
1112,1495,37569745,126972988,40,2,Move,Move,20120813182235MON
1113,1496,37569803,126973066,25,2,Move,Move,20120813183240MON
1114,1500,37569787,126973058,25,1,광화문 씨네큐브,Arts & Entertainment,20120813183939MON,20120813195100MON
1115,1500,37569787,126973058,25,1,광화문 씨네큐브,Arts & Entertainment,20120813195949MON,20120813203609MON
1116,1501,37568016,126969539,1450,2,Move,Move,20120813210812MON
1117,1502,37568016,126969539,1450,2,Move,Move,20120813212304MON
1118,1503,37567188,126968258,30,2,Move,Move,20120813213212MON
1119,1504,37560635,126935115,58,2,Move,Move,20120813214744MON
1120,1505,37563425,126905498,40,2,Move,Move,20120813215446MON
1121,1506,37548966,126868782,45,2,Move,Move,20120813220348MON
1122,1507,37561509,126817467,1561,2,Move,Move,20120813221356MON
1123,1509,37848514,126877685,34,1,Unknown,Unknown,20120813222053MON,20120813223510MON
1124,1510,37581169,126734746,30,2,Move,Move,20120813224538MON
1125,815,37581157,126735690,20,1,집,Residence,20120813225242MON,20120814164627TUE
1126,1513,37579466,126734831,38,2,Move,Move,20120814165649TUE
1127,1514,37578322,126734835,31,2,Move,Move,20120814170350TUE
1128,1515,37571356,126736581,73,2,Move,Move,20120814171047TUE
1129,1516,37571871,126710186,2648,2,Move,Move,20120814171750TUE
1130,1517,37568240,126676747,1988,2,Move,Move,20120814172446TUE
1131,1518,37568438,126675477,76,2,Move,Move,20120814173143TUE
1132,1519,37568410,126675467,48,2,Move,Move,20120814175542TUE
1133,1520,37568062,126676856,1913,2,Move,Move,20120814180515TUE
1134,1521,37568114,126676637,2058,2,Move,Move,20120814181319TUE
1135,1522,37568067,126676604,1915,2,Move,Move,20120814182332TUE
1136,1523,37568139,126676922,1863,2,Move,Move,20120814183234TUE
1137,1524,37565400,126674918,53,2,Move,Move,20120814183936TUE
1138,1526,37565859,126674964,45,1,인천검암동 피시방,Arts & Entertainment,20120814184635TUE,20120814214255TUE
1139,1527,37565379,126675569,33,1,인천검암동 조마루감자탕,Food,20120814214636TUE,20120814233136TUE
1140,1528,37571063,127003530,42,2,Move,Move,20120814234236TUE
1141,1529,37568462,126675597,37,2,Move,Move,20120814234933TUE
1142,1531,0,0,0,1,공항철도,Travel & Transport,20120814235635TUE,20120815002149WED
1143,1532,37557175,126923735,81,2,Move,Move,20120815003217WED
1144,1533,37560504,126935453,36,2,Move,Move,20120815004258WED
1145,1534,37563463,126937071,22,2,Move,Move,20120815005106WED
1146,633,37563931,126936831,22,1,연세대 중앙도서관 6층 남자휴게실,College & Education,20120815005822WED,20120815011029WED
1147,770,37563828,126937515,28,1,연세대 학술정보원 6층 법학도서관,College & Education,20120815011431WED,20120815012639WED
1148,1488,37563747,126936701,20,1,연세대 중앙도서관 지하휴게실,College & Education,20120815013741WED,20120815040241WED
1149,633,37563931,126936831,22,1,연세대 중앙도서관 6층 남자휴게실,College & Education,20120815040607WED,20120815130717WED
1150,1541,37563460,126937099,27,2,Move,Move,20120815132144WED
1151,1542,37563094,126937402,40,2,Move,Move,20120815132842WED
1152,1543,37559605,126937287,49,2,Move,Move,20120815133545WED
1153,1544,37558775,126939115,62,2,Move,Move,20120815134352WED
1154,1546,37557648,126937576,34,1,신촌 북촌만두국,Food,20120815135054WED,20120815141647WED
1155,1547,37556215,126936861,37,2,Move,Move,20120815142713WED
1156,1548,37556862,126938949,39,2,Move,Move,20120815143414WED
1157,1549,37556301,126938210,30,2,Move,Move,20120815144116WED
1158,1550,37556161,126936814,30,2,Move,Move,20120815144816WED
1159,1552,37555996,126936327,1446,1,신촌 다이소,Shop & Service,20120815145515WED,20120815150540WED
1160,1554,37556383,126937250,28,1,신촌 버티고빌딩 1층,Shop & Service,20120815151627WED,20120815153248WED
1161,1555,37558767,126936918,87,2,Move,Move,20120815155121WED
1162,1556,37560298,126936923,42,2,Move,Move,20120815155823WED
1163,1558,37563533,126938433,51,2,Move,Move,20120815161225WED
1164,1559,37564522,126937822,1401,2,Move,Move,20120815161926WED
1165,1560,37563624,126938695,1593,2,Move,Move,20120815163017WED
1166,1562,37563891,126935221,46,2,Move,Move,20120815165707WED
1167,1563,37564696,126932076,1532,2,Move,Move,20120815170501WED
1168,1564,37564696,126932076,1532,2,Move,Move,20120815171307WED
1169,1566,37563215,126936534,74,2,Move,Move,20120815172852WED
1170,633,37563931,126936831,22,1,연세대 중앙도서관 6층 남자휴게실,College & Education,20120815173553WED,20120815174718WED
1171,1488,37563747,126936701,20,1,연세대 중앙도서관 지하휴게실,College & Education,20120815175143WED,20120815205325WED
1172,1570,37563686,126934182,37,2,Move,Move,20120815210343WED
1173,1571,37563574,126935648,73,2,Move,Move,20120815211044WED
1174,1488,37563747,126936701,20,1,연세대 중앙도서관 지하휴게실,College & Education,20120815211741WED,20120816001623THU
1175,1574,37560380,126936598,64,2,Move,Move,20120816002650THU
1176,1575,37558703,126936912,47,2,Move,Move,20120816003348THU
1177,1577,37557712,126937484,30,1,신촌길거리,Travel & Transport,20120816004048THU,20120816013501THU
1178,1578,37559680,126936127,1400,2,Move,Move,20120816015034THU
1179,1579,37566443,126939669,1736,2,Move,Move,20120816015732THU
1180,1488,37563747,126936701,20,1,연세대 중앙도서관 지하휴게실,College & Education,20120816020431THU,20120816025608THU
1181,633,37563931,126936831,22,1,연세대 중앙도서관 6층 남자휴게실,College & Education,20120816030958THU,20120816104503THU
1182,633,37563931,126936831,22,1,연세대 중앙도서관 6층 남자휴게실,College & Education,20120816104828THU,20120816113702THU
1183,1585,37566110,126939552,1963,2,Move,Move,20120816114907THU
1184,633,37563931,126936831,22,1,연세대 중앙도서관 6층 남자휴게실,College & Education,20120816115620THU,20120816130133THU
1185,232,37563312,126937845,45,1,연세대 학생회관 B1층 카페테리아,Food,20120816130500THU,20120816132215THU
1186,1589,37559091,126939909,32,2,Move,Move,20120816133607THU
1187,1590,37559094,126937272,1610,2,Move,Move,20120816135131THU
1188,1592,37558738,126936374,39,1,신촌 씽씽노래방,Arts & Entertainment,20120816140003THU,20120816143415THU
1189,1592,37558738,126936374,39,1,신촌 씽씽노래방,Arts & Entertainment,20120816144512THU,20120816152430THU
1190,1595,37558152,126936404,1581,2,Move,Move,20120816153634THU
1191,1596,37558425,126936576,1456,2,Move,Move,20120816154442THU
1192,1597,37558817,126937141,1484,2,Move,Move,20120816155404THU
1193,1598,37558817,126937141,1484,2,Move,Move,20120816160210THU
1194,1599,37558817,126937141,1484,2,Move,Move,20120816161015THU
1195,1600,37558817,126937141,1484,2,Move,Move,20120816161821THU
1196,1601,37559249,126937090,75,2,Move,Move,20120816162630THU
1197,1602,37563257,126937439,42,2,Move,Move,20120816163333THU
1198,1603,37563849,126936884,36,2,Move,Move,20120816164035THU
1199,1604,37563614,126937333,48,2,Move,Move,20120816164734THU
1200,1605,37558982,126939789,73,2,Move,Move,20120816170004THU
1201,1753,37559088,126939894,25,1,신촌 복싱헬스클럽,Sports & Outdoors,20120816170709THU,20120816180307THU
1202,1609,37557756,126936464,26,1,신촌 콩각시,Food,20120816181335THU,20120816183026THU
1203,1610,37560291,126937087,40,2,Move,Move,20120816184210THU
1204,1611,37563471,126937146,48,2,Move,Move,20120816185136THU
1205,633,37563931,126936831,22,1,연세대 중앙도서관 6층 남자휴게실,College & Education,20120816185850THU,20120816210550THU
1206,1614,37555719,126938707,42,2,Move,Move,20120816211847THU
1207,1615,37576750,126735621,36,2,Move,Move,20120816215144THU
1208,1616,37578969,126734495,31,2,Move,Move,20120816215846THU
1209,815,37581157,126735690,20,1,집,Residence,20120816221147THU,20120818172342SAT
1210,1620,37442265,126701028,32,2,Move,Move,20120818182410SAT
1211,1621,37442661,126701135,40,2,Move,Move,20120818183112SAT
1212,1622,37442591,126701020,23,2,Move,Move,20120818183811SAT
1213,1624,37442380,126701433,47,1,인천구월동 명동칼국수,Food,20120818185001SAT,20120818192136SAT
1214,1625,37443577,126701376,72,2,Move,Move,20120818193200SAT
1215,1626,37445819,126701312,51,2,Move,Move,20120818193740SAT
1216,1627,37446185,126700834,51,2,Move,Move,20120818194719SAT
1217,705,37446237,126700686,30,1,인천구월동 크리스피크림,Food,20120818195557SAT,20120818202233SAT
1218,1631,37446266,126700942,20,1,인천구월동 교보문고,Shop & Service,20120818203307SAT,20120818210239SAT
1219,1632,37444873,126700986,50,2,Move,Move,20120818211306SAT
1220,1633,37442607,126701227,45,2,Move,Move,20120818212006SAT
1221,1634,37443623,126701156,45,2,Move,Move,20120818212606SAT
1222,1635,37429407,126714511,30,2,Move,Move,20120818213307SAT
1223,1636,37427573,126713025,2250,2,Move,Move,20120818214008SAT
1224,1637,37432222,126719048,48,2,Move,Move,20120818215647SAT
1225,1638,37578610,126735105,25,2,Move,Move,20120818225018SAT
1226,815,37581157,126735690,20,1,집,Residence,20120818225827SAT,20120819145557SUN
1227,1641,37571209,126736523,25,2,Move,Move,20120819150957SUN
1228,1642,37489436,126723701,57,2,Move,Move,20120819154927SUN
1229,1643,37482131,126707856,2229,2,Move,Move,20120819155627SUN
1230,1644,37465259,126679373,52,2,Move,Move,20120819160523SUN
1231,1645,37463331,126680398,30,2,Move,Move,20120819161146SUN
1232,1646,37460924,126680252,30,2,Move,Move,20120819161845SUN
1233,1649,37432023,126711955,45,2,Move,Move,20120819214108SUN
1234,1650,37428593,126715510,34,2,Move,Move,20120819214807SUN
1235,1651,37571491,126736333,34,2,Move,Move,20120819224735SUN
1236,1652,37578778,126735753,31,2,Move,Move,20120819225432SUN
1237,815,37581157,126735690,20,1,집,Residence,20120819230241SUN,20120820134620MON
1238,1655,37572534,126735712,2068,2,Move,Move,20120820135837MON
1239,304,37543275,126727806,37,1,인천계산동 스위티피시방,Arts & Entertainment,20120820141922MON,20120820203027MON
1240,1659,37542707,126727999,30,1,인천계산동 백암왕순대,Food,20120820203445MON,20120820231942MON
1241,1660,37543384,126728641,30,2,Move,Move,20120820233046MON
1242,1661,37571407,126735783,37,2,Move,Move,20120820233746MON
1243,1663,37571323,126736491,30,2,Move,Move,20120820235143MON
1244,1664,37579023,126735182,48,2,Move,Move,20120821000035TUE
1245,1665,37580744,126734936,34,2,Move,Move,20120821000734TUE
1246,1666,37581839,126737758,2702,2,Move,Move,20120821001541TUE
1247,815,37581157,126735690,20,1,집,Residence,20120821002243TUE,20120821010026TUE
1248,815,37581157,126735690,20,1,집,Residence,20120821010353TUE,20120822173457WED
1249,1670,37576295,126740736,2170,2,Move,Move,20120822174622WED
1250,1671,37571498,126736248,40,2,Move,Move,20120822175829WED
1251,1672,37499738,126730587,30,2,Move,Move,20120822184617WED
1252,1674,37499518,126730737,90,1,인천 나누리병원 703호,Shop & Service,20120822185308WED,20120822195711WED
1253,1687,37499669,126730492,37,1,인천 부평 피시방,Arts & Entertainment,20120822200038WED,20120822201059WED
1254,1687,37499669,126730492,37,1,인천 부평 피시방,Arts & Entertainment,20120822201424WED,20120822233603WED
1255,1677,37499369,126730643,72,2,Move,Move,20120822234632WED
1256,1674,37499518,126730737,90,1,인천 나누리병원 703호,Shop & Service,20120822235537WED,20120823001945THU
1257,1687,37499669,126730492,37,1,인천 부평 피시방,Arts & Entertainment,20120823002910THU,20120823012805THU
1258,1687,37499669,126730492,37,1,인천 부평 피시방,Arts & Entertainment,20120823013203THU,20120823014918THU
1259,1687,37499669,126730492,37,1,인천 부평 피시방,Arts & Entertainment,20120823020749THU,20120823021816THU
1260,1687,37499669,126730492,37,1,인천 부평 피시방,Arts & Entertainment,20120823022844THU,20120823030000THU
1261,1687,37499669,126730492,37,1,인천 부평 피시방,Arts & Entertainment,20120823031130THU,20120823032158THU
1262,1687,37499669,126730492,37,1,인천 부평 피시방,Arts & Entertainment,20120823032523THU,20120823033727THU
1263,1687,37499669,126730492,37,1,인천 부평 피시방,Arts & Entertainment,20120823034125THU,20120823041253THU
1264,1693,37499562,126730861,75,1,Unknown,Unknown,20120823042351THU,20120823045805THU
1265,1698,37499774,126730649,30,1,인천 나누리병원 로비,Shop & Service,20120823051008THU,20120823061828THU
1266,1697,37499742,126730551,37,1,인천 부평 김밥나라,Food,20120823062855THU,20120823070304THU
1267,1698,37499774,126730649,30,1,인천 나누리병원 로비,Shop & Service,20120823070629THU,20120823080055THU
1268,1700,37516865,126732336,39,1,인천버스 905,Travel & Transport,20120823081127THU,20120823085925THU
1269,1701,37594065,126670585,1888,2,Move,Move,20120823093225THU
1270,1702,37597436,126667169,30,2,Move,Move,20120823093928THU
1271,1704,37597648,126667250,37,1,인천마전동 스파렉스 탈의실,Travel & Transport,20120823094628THU,20120823101107THU
1272,1724,37597750,126667344,57,1,인천마전동 스파렉스 찜질방,Travel & Transport,20120823102205THU,20120823103408THU
1273,1707,37597855,126666864,1996,2,Move,Move,20120823104613THU
1274,1708,37597855,126666864,1996,2,Move,Move,20120823105813THU
1275,1709,37597750,126667350,87,2,Move,Move,20120823110618THU
1276,1710,37597855,126666864,1996,2,Move,Move,20120823111425THU
1277,1711,37597855,126666864,1996,2,Move,Move,20120823112230THU
1278,1712,37597855,126666864,1996,2,Move,Move,20120823113036THU
1279,1713,37597855,126666864,1996,2,Move,Move,20120823114018THU
1280,1714,37597855,126666864,1996,2,Move,Move,20120823114826THU
1281,1715,37597855,126666864,1996,2,Move,Move,20120823115631THU
1282,1717,37597855,126666864,1996,1,인천마전동 스파렉스 찜질방,Travel & Transport,20120823120330THU,20120823121428THU
1283,1724,37597750,126667344,57,1,인천마전동 스파렉스 찜질방,Travel & Transport,20120823122526THU,20120823123729THU
1284,1720,37597855,126666864,1996,2,Move,Move,20120823125002THU
1285,1721,37597750,126667350,87,2,Move,Move,20120823125808THU
1286,1722,37597855,126666864,1996,2,Move,Move,20120823130613THU
1287,1724,37597750,126667344,57,1,인천마전동 스파렉스 찜질방,Travel & Transport,20120823131419THU,20120823132604THU
1288,1725,37597855,126666864,1996,2,Move,Move,20120823133808THU
1289,1726,37597855,126666864,1996,2,Move,Move,20120823134507THU
1290,1728,37598017,126666708,1923,2,Move,Move,20120823143226THU
1291,1704,37597648,126667250,37,1,인천마전동 스파렉스 탈의실,Travel & Transport,20120823143929THU,20120823144957THU
1292,1731,37595712,126670876,52,2,Move,Move,20120823150025THU
1293,1733,37594978,126671942,34,1,인천마전동 피시방,Arts & Entertainment,20120823150728THU,20120823155224THU
1294,1734,37592183,126671271,43,2,Move,Move,20120823160251THU
1295,1735,37593997,126670969,45,2,Move,Move,20120823163507THU
1296,1736,37595875,126670216,40,2,Move,Move,20120823165610THU
1297,1737,37596424,126669161,40,2,Move,Move,20120823170507THU
1298,1738,37579234,126836457,1954,2,Move,Move,20120823173407THU
1299,1739,37535509,126903394,64,2,Move,Move,20120823174109THU
1300,1740,37552121,126917547,52,2,Move,Move,20120823174702THU
1301,1741,37555342,126935992,51,2,Move,Move,20120823175402THU
1302,1742,37555517,126936624,57,2,Move,Move,20120823180105THU
1303,1743,37558631,126936903,38,2,Move,Move,20120823180812THU
1304,1746,37563806,126937011,32,2,Move,Move,20120823182916THU
1305,633,37563931,126936831,22,1,연세대 중앙도서관 6층 남자휴게실,College & Education,20120823185157THU,20120823205247THU
1306,1749,37563990,126936939,27,2,Move,Move,20120823210301THU
1307,1750,37561505,126937046,68,2,Move,Move,20120823211001THU
1308,1751,37558845,126939663,30,2,Move,Move,20120823211726THU
1309,1753,37559088,126939894,25,1,신촌 복싱헬스클럽,Sports & Outdoors,20120823212929THU,20120823224411THU
1310,489,37557978,126936921,62,1,롯데리아 신촌연세로점,Food,20120823230213THU,20120823233545THU
1311,1757,37563491,126937154,124,2,Move,Move,20120823234536THU
1312,633,37563931,126936831,22,1,연세대 중앙도서관 6층 남자휴게실,College & Education,20120823235237THU,20120824001136FRI
1313,1760,37560370,126937018,36,2,Move,Move,20120824002349FRI
1314,1761,37557649,126936901,30,2,Move,Move,20120824003050FRI
1315,1763,0,0,0,1,Unknown,Unknown,20120824003638FRI,20120824004845FRI
1316,1764,37567892,127009082,39,2,Move,Move,20120824005947FRI
1317,1765,37569018,127009262,22,2,Move,Move,20120824010523FRI
1318,1766,37568974,127009147,20,2,Move,Move,20120824011250FRI
1319,1767,37568797,127009185,47,2,Move,Move,20120824011949FRI
1320,1768,37568410,127009202,51,2,Move,Move,20120824012720FRI
1321,1770,37567824,127008853,30,2,Move,Move,20120824014233FRI
1322,1772,37567838,127007467,55,1,Unknown,Unknown,20120824015214FRI,20120824044007FRI
1323,1773,37571165,127006995,45,2,Move,Move,20120824045035FRI
1324,1774,37569561,127008058,30,2,Move,Move,20120824045941FRI
1325,1775,37567994,126987342,36,2,Move,Move,20120824050643FRI
1326,1776,37559892,126972086,45,2,Move,Move,20120824051344FRI
1327,633,37563931,126936831,22,1,연세대 중앙도서관 6층 남자휴게실,College & Education,20120824054143FRI,20120824150816FRI
