AirFlowNormalized,AirValvePosition,DischargeAirTemp,SpaceTemp,SpaceTempCoolingSetpointActive,SpaceTempHeatingSetpointActive
24.7826,30,59.5,67.8,68.0,64.2
0.0,9,57.2,67.7,68.0,64.2
24.1304,30,59.1,67.8,68.0,64.2
20.0,28,57.6,67.8,68.0,64.3
0.0,9,57.6,67.7,68.0,64.3
18.2609,28,58.8,67.8,68.0,64.3
19.5652,28,58.8,67.8,68.0,64.3
25.2174,29,59.5,67.9,68.0,64.3
0.0,9,58.4,67.8,68.0,64.3
25.2174,29,59.0,67.8,68.0,64.3
19.5652,28,58.4,67.8,68.0,64.3
0.0,25,57.5,67.8,68.0,64.3
25.4348,30,59.6,67.8,68.0,64.3
0.0,9,57.9,67.7,68.0,64.3
0.0,14,57.9,67.8,68.0,64.3
20.0,29,59.2,67.8,68.0,64.3
24.1304,30,58.4,67.8,68.0,64.3
0.0,25,59.5,67.8,68.0,64.3
0.0,9,58.7,67.7,68.0,64.3
23.2609,30,58.7,67.8,68.0,64.3
23.913,30,59.6,67.8,68.0,64.3
22.6087,30,58.0,67.8,68.0,64.3
23.2609,30,59.9,67.8,68.0,64.3
24.1304,30,59.2,67.8,68.0,64.3
0.0,9,57.9,67.7,68.0,64.3
0.0,9,59.5,67.7,68.0,64.3
0.0,20,59.5,67.8,68.0,64.3
23.2609,30,59.5,67.8,68.0,64.3
24.7826,30,59.5,67.8,68.0,64.3
24.1304,30,58.4,67.8,68.0,64.3
0.0,19,58.4,67.8,68.0,64.3
0.0,13,58.4,67.8,68.0,64.3
24.7826,30,58.4,67.8,68.0,64.3
25.2174,30,59.4,67.8,68.0,64.3
24.1304,30,58.8,67.8,68.0,64.3
24.1304,30,58.8,67.8,68.0,64.3
24.7826,31,59.5,67.8,68.0,64.3
0.0,9,57.6,67.7,68.0,64.3
23.2609,30,59.1,67.8,68.0,64.3
19.5652,29,58.4,67.8,68.0,64.3
0.0,9,58.4,67.7,68.0,64.3
22.1739,30,59.6,67.8,68.0,64.3
0.0,9,58.3,67.7,68.0,64.3
20.0,29,59.5,67.8,68.0,64.3
21.3043,29,58.5,67.8,68.0,64.3
19.5652,29,58.5,67.8,68.0,64.3
23.913,30,59.9,67.8,68.0,64.3
23.2609,30,58.4,67.8,68.0,64.3
0.0,11,58.4,67.8,68.0,64.3
24.7826,30,58.4,67.8,68.0,64.3
0.0,9,57.5,67.7,68.0,64.3
22.6087,30,59.5,67.8,68.0,64.3
19.5652,28,58.8,67.8,68.0,64.3
0.0,9,57.9,67.7,68.0,64.3
23.2609,30,59.9,67.8,68.0,64.3
0.0,18,58.0,67.7,68.0,64.3
24.1304,30,58.6,67.8,68.0,64.3
35.8696,34,59.5,68.6,68.0,64.3
49.3478,39,56.0,68.6,68.0,64.3
46.087,38,58.7,67.8,68.0,64.3
43.2609,36,58.7,67.7,68.0,64.3
26.9565,31,57.2,67.4,68.0,64.3
24.7826,31,59.5,67.6,68.0,64.3
23.913,30,58.8,67.9,68.0,64.3
23.913,31,58.8,67.8,68.0,64.3
23.913,31,59.5,67.8,68.0,64.3
0.0,9,59.5,67.7,68.0,64.3
25.4348,31,58.6,67.8,68.0,64.3
24.7826,31,59.9,67.8,68.0,64.3
23.913,31,58.8,67.9,68.0,64.3
0.0,15,57.9,67.8,68.0,64.3
23.913,31,59.6,67.8,68.0,64.3
23.913,30,58.1,67.7,68.0,64.3
23.913,31,58.1,67.8,68.0,64.3
0.0,14,59.9,67.8,68.0,64.3
0.0,9,58.4,67.7,68.0,64.3
25.2174,31,58.4,67.8,68.0,64.4
23.2609,30,59.9,67.8,68.0,64.4
25.2174,31,59.2,67.8,68.0,64.3
25.2174,31,57.9,67.8,68.0,64.4
22.6087,30,59.9,67.8,68.0,64.3
19.5652,31,59.2,67.8,68.0,64.4
0.0,9,58.0,67.7,68.0,64.5
0.0,9,59.5,67.7,68.0,64.4
0.0,9,58.4,67.7,68.0,64.5
0.0,21,58.4,67.8,68.0,64.4
0.0,9,59.9,67.7,68.0,64.4
23.913,30,58.0,67.8,68.0,64.4
0.0,20,58.0,67.8,68.0,64.4
0.0,25,59.1,67.8,68.0,64.6
0.0,13,58.0,67.7,68.0,64.7
24.1304,31,58.0,67.8,68.0,64.8
21.7391,30,59.9,67.8,68.0,64.7
0.0,9,59.1,67.7,68.0,64.8
21.3043,30,59.1,67.8,68.0,64.8
23.2609,31,59.1,67.8,68.0,64.8
0.0,9,58.1,67.7,68.0,64.7
0.0,9,58.1,67.7,68.0,64.8
0.0,9,59.5,67.7,68.0,64.7
0.0,9,57.9,67.7,68.0,64.7
21.7391,30,58.9,67.8,68.0,64.7
17.6087,30,59.6,67.8,68.0,64.7
0.0,9,58.4,67.7,68.0,64.8
0.0,16,58.4,67.8,68.0,64.7
20.6522,30,59.2,67.8,68.0,64.6
20.0,31,58.5,67.8,68.0,64.5
20.0,30,58.5,67.8,68.0,64.6
21.3043,30,59.6,67.8,68.0,64.5
0.0,9,58.4,67.7,68.0,64.4
0.0,9,58.4,67.7,68.0,64.3
0.0,9,59.9,67.7,68.0,64.3
23.2609,31,59.2,67.7,68.0,64.3
0.0,9,58.3,67.7,68.0,64.3
12.1739,29,59.6,67.8,68.0,64.3
21.3043,31,59.6,67.8,68.0,64.2
0.0,9,57.9,67.7,68.0,64.3
0.0,9,58.7,67.7,68.0,64.3
0.0,9,58.7,67.7,68.0,64.3
18.6957,29,58.7,67.8,68.0,64.3
20.0,30,59.5,67.8,68.0,64.3
21.7391,30,59.5,67.8,68.0,64.2
19.5652,30,57.6,67.7,68.0,64.2
0.0,24,59.1,67.8,68.0,64.2
21.3043,30,59.1,67.8,68.0,64.2
14.7826,24,58.2,67.7,68.0,64.2
0.0,9,58.2,67.7,68.0,64.2
0.0,9,59.9,67.7,68.0,64.2
18.2609,29,58.0,67.8,68.0,64.2
0.0,15,58.0,67.7,68.0,64.2
18.2609,29,59.6,67.8,68.0,64.2
0.0,9,58.7,67.7,68.0,64.2
22.6087,31,58.0,67.8,68.0,64.2
21.3043,30,59.5,67.8,68.0,64.2
20.0,30,58.4,67.8,68.0,64.2
0.0,9,57.6,67.7,68.0,64.2
20.0,30,59.5,67.8,68.0,64.2
18.6957,29,58.8,67.8,68.0,64.2
18.2609,29,58.8,67.8,68.0,64.2
20.6522,30,58.8,67.8,68.0,64.2
0.0,19,58.8,67.8,68.0,64.2
21.7391,30,58.8,67.8,68.0,64.2
0.0,20,59.5,67.8,68.0,64.2
0.0,18,58.5,67.8,68.0,64.2
18.2609,30,58.5,67.8,68.0,64.2
18.6957,30,58.5,67.8,68.0,64.2
20.0,31,58.5,67.8,68.0,64.2
0.0,13,58.5,67.8,68.0,64.2
0.0,9,57.6,67.7,68.0,64.2
18.2609,31,58.3,67.8,68.0,64.2
0.0,9,59.2,67.7,68.0,64.2
0.0,9,57.5,67.7,68.0,64.2
0.0,14,59.5,67.8,68.0,64.2
18.2609,31,58.4,67.8,68.0,64.3
0.0,9,58.4,67.7,68.0,64.3
21.3043,31,58.4,67.8,68.0,64.3
18.2609,30,58.4,67.8,68.0,64.3
18.6957,31,59.5,67.9,68.0,64.3
20.6522,31,57.2,67.8,68.0,64.3
0.0,19,57.9,67.8,68.0,64.3
0.0,9,59.2,67.8,68.0,64.3
18.6957,31,57.9,67.8,68.0,64.3
20.0,31,59.9,67.8,68.0,64.3
0.0,15,58.4,67.8,68.0,64.3
18.6957,31,58.4,67.8,68.0,64.3
18.6957,31,59.6,67.8,68.0,64.3
17.6087,31,58.8,67.9,68.0,64.3
17.6087,31,58.8,67.8,68.0,64.3
19.5652,32,59.6,67.8,68.0,64.3
19.5652,31,57.6,67.8,68.0,64.3
0.0,26,58.7,67.8,68.0,64.3
20.6522,32,58.7,67.9,68.0,64.3
0.0,26,57.9,67.8,68.0,64.3
18.6957,31,59.1,67.8,68.0,64.3
18.6957,31,58.4,67.8,68.0,64.3
0.0,14,57.5,67.8,68.0,64.3
20.0,32,59.5,67.8,68.0,64.3
19.5652,32,57.6,67.8,68.0,64.3
19.5652,32,58.7,67.7,68.0,64.3
18.6957,32,58.7,67.8,68.0,64.3
0.0,9,57.9,67.7,68.0,64.3
17.6087,32,59.5,67.8,68.0,64.3
20.0,33,58.0,67.8,68.0,64.3
18.2609,32,58.0,67.8,68.0,64.3
19.5652,33,59.5,67.9,68.0,64.3
21.3043,33,57.2,68.0,68.0,64.3
19.5652,33,58.3,68.0,68.0,64.3
20.0,33,59.2,68.0,68.0,64.3
18.2609,32,58.0,67.8,68.0,64.3
0.0,20,58.0,67.8,68.0,64.3
19.5652,33,58.0,67.8,68.0,64.3
17.6087,32,58.0,67.8,68.0,64.3
18.2609,32,59.5,67.8,68.0,64.3
18.2609,32,58.0,67.8,68.0,64.3
0.0,9,58.0,67.7,68.0,64.3
18.6957,33,59.2,67.8,68.0,64.3
0.0,9,57.8,67.8,68.0,64.3
18.2609,32,59.1,67.8,68.0,64.3
19.5652,33,58.4,67.8,68.0,64.3
20.0,33,58.4,67.8,68.0,64.3
18.2609,34,59.5,67.8,68.0,64.3
0.0,9,58.3,67.7,68.0,64.3
25.2174,36,58.3,67.8,68.0,64.3
24.1304,36,59.0,67.9,68.0,64.3
0.0,9,57.6,67.7,68.0,64.3
0.0,25,59.1,67.8,68.0,64.3
23.913,37,58.0,67.8,68.0,64.3
0.0,9,58.0,67.7,68.0,64.3
23.2609,36,59.5,67.8,68.0,64.3
0.0,9,57.6,67.7,68.0,64.3
0.0,9,57.6,67.7,68.0,64.3
22.6087,37,59.6,67.9,68.0,64.3
23.913,36,58.8,67.8,68.0,64.3
22.6087,36,58.8,67.8,68.0,64.3
0.0,9,59.5,67.7,68.0,64.3
24.7826,37,58.8,67.8,68.0,64.3
23.913,37,58.8,67.8,68.0,64.3
0.0,23,58.8,67.7,68.0,64.3
23.913,35,57.2,67.7,68.0,64.2
0.0,9,59.5,67.7,68.0,64.3
24.7826,36,58.0,67.7,68.0,64.3
0.0,9,58.0,67.7,68.0,64.3
23.2609,36,59.5,67.8,68.0,64.3
0.0,9,58.0,67.7,68.0,64.3
20.6522,36,58.7,67.8,68.0,64.3
23.2609,37,58.7,67.8,68.0,64.3
22.6087,36,57.2,67.8,68.0,64.3
23.2609,37,59.5,67.8,68.0,64.3
16.087,30,58.0,67.7,68.0,64.3
23.2609,37,58.0,67.8,68.0,64.3
23.913,37,59.2,67.8,68.0,64.3
23.913,37,57.6,67.8,68.0,64.3
24.7826,37,59.1,67.9,68.0,64.3
18.2609,37,59.1,67.8,68.0,64.3
0.0,9,57.1,67.7,68.0,64.3
21.7391,36,58.8,67.8,68.0,64.3
21.7391,36,57.6,67.9,68.0,64.3
22.1739,36,59.5,67.9,68.0,64.3
20.6522,36,58.7,67.9,68.0,64.3
22.6087,37,58.7,68.0,68.0,64.3
22.6087,37,56.4,68.2,68.0,64.3
28.0435,39,59.1,68.4,68.0,64.3
29.1304,39,56.0,68.1,68.0,64.3
29.1304,39,58.7,67.9,68.0,64.3
0.0,13,56.4,67.5,68.0,64.3
22.1739,37,57.9,67.7,68.0,64.3
0.0,9,56.8,67.8,68.0,64.3
21.3043,36,59.5,67.8,68.0,64.3
0.0,9,57.1,67.7,68.0,64.3
21.3043,36,58.9,67.8,68.0,64.3
0.0,9,56.7,67.7,68.0,64.4
23.913,37,57.5,67.8,68.0,64.4
23.913,37,58.4,67.8,68.0,64.4
23.913,37,56.8,67.8,68.0,64.3
0.0,22,59.5,67.7,68.0,64.3
0.0,9,56.4,67.7,68.0,64.3
21.7391,36,59.9,67.8,68.0,64.3
22.1739,36,56.7,67.8,68.0,64.3
24.1304,37,59.2,67.9,68.0,64.3
0.0,9,57.1,67.7,68.0,64.2
23.2609,37,59.2,67.8,68.0,64.4
22.6087,37,58.3,67.9,68.0,64.4
22.6087,36,59.2,67.8,68.0,64.4
24.1304,37,57.5,67.8,68.0,64.3
24.1304,37,59.6,67.8,68.0,64.3
24.1304,37,57.2,67.8,68.0,64.3
24.1304,37,59.9,67.8,68.0,64.3
22.6087,37,57.2,67.9,68.0,64.3
21.7391,37,59.5,67.8,68.0,64.7
21.7391,37,58.0,67.8,68.0,64.8
0.0,9,58.0,67.7,68.0,64.8
21.7391,36,59.2,67.9,68.0,64.8
0.0,9,57.5,67.7,68.0,64.7
21.7391,37,59.6,67.8,68.0,64.6
22.1739,37,58.0,67.8,68.0,64.7
0.0,9,58.0,67.7,68.0,64.6
21.3043,37,59.6,67.8,68.0,64.7
20.6522,36,58.4,67.8,68.0,64.7
24.1304,37,59.1,67.8,68.0,64.8
24.1304,37,59.1,67.8,68.0,64.6
0.0,31,58.3,67.8,68.0,64.5
0.0,25,59.5,67.8,68.0,64.6
21.7391,36,58.4,67.8,68.0,64.7
0.0,9,58.4,67.7,68.0,64.7
22.1739,36,59.8,67.8,68.0,64.7
25.2174,37,58.4,67.8,68.0,64.7
23.913,37,58.4,67.8,68.0,64.7
22.1739,37,59.5,67.7,68.0,64.7
23.2609,37,59.5,67.8,68.0,64.6
0.0,9,58.2,67.7,68.0,64.7
22.1739,37,59.1,67.8,68.0,64.8
21.7391,37,59.9,67.8,68.0,64.8
0.0,9,58.8,67.7,68.0,64.8
0.0,10,58.8,67.8,68.0,64.8
23.913,37,58.8,67.9,68.0,64.8
20.6522,36,58.8,67.9,68.0,64.8
22.1739,37,58.8,67.8,68.0,64.8
22.1739,37,58.8,67.8,68.0,64.8
22.6087,37,59.5,67.8,68.0,64.8
0.0,9,58.4,67.7,68.0,64.8
19.5652,36,58.4,67.8,68.0,64.8
21.3043,36,59.5,67.8,68.0,64.8
0.0,9,58.8,67.7,68.0,64.8
21.7391,36,58.8,67.8,68.0,64.8
21.7391,36,58.8,67.8,68.0,64.8
22.1739,36,58.8,67.8,68.0,64.8
0.0,9,58.8,67.7,68.0,64.8
0.0,9,58.8,67.7,68.0,64.8
0.0,27,59.5,67.7,68.0,64.8
0.0,9,59.5,67.7,68.0,64.8
19.5652,36,58.3,67.8,68.0,64.8
0.0,9,58.3,67.7,68.0,64.8
11.3043,34,59.5,67.8,68.0,64.8
22.6087,36,58.8,67.8,68.0,64.8
18.2609,36,58.0,67.8,68.0,64.8
21.3043,36,58.7,67.8,68.0,64.8
20.0,36,59.5,67.8,68.0,64.8
0.0,9,58.8,67.7,68.0,64.8
0.0,9,57.9,67.7,68.0,64.8
0.0,15,59.5,67.7,68.0,64.8
22.6087,37,58.8,67.8,68.0,64.8
22.1739,36,58.8,67.9,68.0,64.8
24.1304,37,59.5,67.8,68.0,64.8
24.1304,37,58.0,67.8,68.0,64.8
36.087,41,58.0,68.6,68.0,64.6
53.913,48,58.0,68.8,68.0,64.6
51.087,47,58.0,67.9,68.0,64.6
60.6522,50,58.0,68.7,68.0,64.6
72.6087,56,57.1,68.7,68.0,64.6
83.0435,59,57.1,68.7,68.0,64.5
85.4348,60,57.9,68.5,68.0,64.6
87.8261,60,55.2,68.1,68.0,64.7
86.7391,60,59.9,68.4,68.0,64.8
69.1304,51,55.1,67.1,68.0,64.8
58.913,49,58.4,67.9,68.0,64.7
73.913,56,57.6,68.4,68.0,64.7
80.4348,57,55.1,67.7,68.0,64.6
60.2174,49,59.9,67.3,68.0,64.7
44.5652,43,55.9,67.2,68.0,64.5
32.3913,39,58.2,67.4,68.0,64.6
28.0435,37,58.2,67.5,68.0,64.5
26.5217,37,56.4,67.6,68.0,64.5
60.6522,51,59.9,69.1,68.0,64.3
45.8696,44,57.0,68.4,68.0,64.4
66.087,53,56.4,68.9,68.0,64.3
86.7391,60,60.3,68.8,68.0,64.3
87.8261,60,55.1,68.2,68.0,64.3
60.4348,49,58.5,67.4,68.0,64.3
56.5217,50,58.5,67.8,68.0,64.3
68.0435,55,55.6,68.2,68.0,64.3
76.5217,57,59.2,68.4,68.0,64.3
84.3478,60,58.3,68.6,68.0,64.3
91.3043,62,55.2,68.2,68.0,64.3
70.0,55,60.3,67.7,68.0,64.3
84.3478,60,57.1,68.5,68.0,64.3
86.7391,59,55.8,67.6,68.0,64.3
80.4348,58,60.7,67.6,68.0,64.3
47.8261,45,56.3,66.9,68.0,64.3
29.7826,39,59.2,67.1,68.0,64.3
0.0,17,57.5,67.4,68.0,64.3
22.6087,37,57.5,67.6,68.0,64.3
24.7826,35,60.8,67.8,68.0,64.3
17.6087,33,60.8,67.8,68.0,64.3
18.2609,34,59.9,67.8,68.0,64.5
20.0,35,57.6,67.8,68.0,64.4
23.2609,36,59.9,67.8,68.0,64.4
0.0,9,58.7,67.7,68.0,64.4
25.4348,36,59.5,67.8,68.0,64.4
0.0,9,59.5,67.7,68.0,64.5
0.0,9,59.5,67.7,68.0,64.5
0.0,9,60.3,67.7,68.0,64.5
13.0435,34,60.3,67.8,68.0,64.4
25.4348,36,59.6,67.8,68.0,63.5
0.0,9,58.3,67.7,68.0,64.3
19.5652,34,60.3,67.8,68.0,64.3
0.0,9,59.5,67.7,68.0,64.3
0.0,9,59.5,67.7,68.0,64.3
0.0,20,60.3,67.8,68.0,64.3
25.4348,36,59.6,67.8,68.0,64.3
25.4348,36,59.6,67.8,68.0,64.3
0.0,9,59.6,67.7,68.0,64.3
0.0,9,59.6,67.7,68.0,64.3
20.0,35,59.6,67.8,68.0,64.3
0.0,30,59.6,67.8,68.0,64.3
0.0,16,59.6,67.8,68.0,64.3
0.0,9,59.6,67.7,68.0,64.3
0.0,9,61.1,67.8,68.0,64.4
24.7826,36,61.1,67.8,68.0,64.4
24.1304,36,59.6,67.8,68.0,64.5
0.0,9,59.6,67.7,68.0,64.5
0.0,14,60.7,67.8,68.0,64.4
0.0,9,59.2,67.7,68.0,64.4
0.0,10,59.2,67.7,68.0,64.4
23.913,36,60.0,67.8,68.0,64.5
23.2609,37,60.0,67.8,68.0,64.3
0.0,9,60.7,67.7,68.0,64.3
24.7826,37,60.7,67.8,68.0,64.3
0.0,9,60.7,67.7,68.0,64.3
0.0,9,60.7,67.7,68.0,64.3
0.0,9,59.9,67.7,68.0,64.3
0.0,30,62.2,67.8,68.0,64.3
0.0,9,61.1,67.7,68.0,64.3
17.6087,34,61.1,67.8,68.0,64.3
0.0,9,61.8,67.7,68.0,64.3
0.0,9,62.8,67.7,68.0,64.8
0.0,9,60.8,67.7,68.0,64.8
0.0,9,60.8,67.7,68.0,64.8
0.0,9,63.6,67.8,68.0,64.8
0.0,9,64.8,67.8,68.0,64.8
0.0,9,64.8,67.9,68.0,64.8
0.0,9,64.8,68.2,68.0,64.8
0.0,9,64.8,68.2,68.0,64.8
0.0,9,60.4,68.2,68.0,64.8
0.0,9,61.6,68.2,68.0,64.8
0.0,9,59.9,68.2,68.0,64.8
0.0,9,61.1,68.2,68.0,64.8
18.2609,35,60.4,68.3,68.0,64.8
26.5217,38,59.2,68.7,68.0,64.8
0.0,2,62.4,69.8,70.8,67.8
0.0,5,64.0,70.0,70.4,67.4
0.0,7,64.8,70.4,70.4,67.4
0.0,9,60.0,70.6,70.4,67.4
30.2174,31,60.0,71.0,70.4,67.4
41.7391,33,56.8,69.7,69.4,66.4
36.9565,32,57.9,69.1,69.4,66.4
38.2609,33,58.8,69.8,69.4,66.4
45.4348,36,56.3,69.6,69.4,66.4
46.087,36,59.5,69.7,69.4,66.4
43.913,35,56.0,69.1,69.4,66.4
33.0435,30,59.4,69.0,69.4,66.4
27.3913,28,56.3,68.9,69.4,66.4
19.5652,27,59.6,69.1,69.4,66.4
20.0,27,56.7,69.0,69.2,66.2
22.1739,28,58.4,68.9,69.0,66.0
0.0,8,56.7,68.8,69.2,66.2
20.0,27,57.6,68.9,69.0,66.0
18.6957,27,59.0,68.8,69.0,66.0
37.8261,33,56.0,69.6,69.0,66.0
30.6522,30,59.9,68.8,69.0,66.0
28.4783,29,57.1,68.6,69.0,66.0
21.3043,28,58.8,69.0,69.0,66.0
0.0,9,61.1,69.2,69.0,66.0
36.3043,33,56.4,69.4,68.9,65.9
37.8261,33,60.0,69.3,68.9,65.9
36.087,33,56.6,68.6,68.9,65.9
32.6087,30,58.8,68.6,68.9,65.9
21.7391,25,58.8,68.4,68.9,65.9
19.5652,27,57.8,68.7,68.9,65.9
0.0,4,60.7,68.3,68.9,65.9
0.0,6,63.2,68.7,68.9,65.9
33.6957,31,59.5,69.4,68.9,65.9
25.4348,28,57.5,68.9,68.9,65.9
25.4348,28,57.5,68.7,68.9,65.9
0.0,9,58.1,68.6,68.9,65.9
0.0,8,57.2,68.4,68.9,65.9
0.0,9,61.9,68.7,68.9,65.9
0.0,9,64.0,69.1,68.9,65.9
0.0,9,62.8,69.1,68.9,65.9
0.0,21,62.8,69.1,68.6,65.6
22.1739,30,59.1,68.6,69.7,66.7
36.7391,32,56.8,67.9,68.0,64.9
31.3043,30,59.1,67.6,68.0,64.3
27.3913,30,58.0,67.7,68.3,65.3
0.0,9,58.7,68.1,68.4,65.4
0.0,9,59.6,68.1,68.4,65.4
18.2609,27,58.8,68.2,68.4,65.4
18.6957,27,59.9,68.2,68.4,65.4
17.6087,27,58.3,68.2,68.0,64.6
0.0,3,61.9,68.4,68.9,65.9
0.0,5,64.4,68.7,68.9,65.9
0.0,5,65.8,68.9,68.9,65.9
0.0,5,65.8,69.1,68.9,65.9
0.0,5,65.8,69.1,68.9,65.9
0.0,7,66.8,69.2,68.9,65.9
0.0,15,62.0,69.2,68.9,65.9
0.0,9,64.4,69.2,68.9,65.9
28.0435,30,58.4,69.1,68.5,65.5
25.4348,29,59.1,68.6,68.5,65.5
31.3043,31,57.6,68.4,68.0,63.6
25.4348,29,57.6,68.0,68.0,64.8
24.7826,30,59.2,68.0,68.0,63.6
24.1304,30,57.2,67.7,68.0,64.2
21.3043,29,59.5,67.7,68.0,64.2
20.0,28,57.6,67.8,68.0,64.3
0.0,9,58.7,67.7,68.0,64.8
18.6957,28,58.7,67.8,68.0,63.4
0.0,9,58.7,67.7,68.0,64.2
18.2609,28,59.5,67.8,68.0,64.2
0.0,9,58.3,67.7,68.0,64.2
16.9565,28,58.3,67.8,68.0,64.2
0.0,9,59.4,67.8,68.0,64.2
0.0,9,58.7,67.7,68.0,64.2
0.0,13,59.3,67.8,68.0,63.7
0.0,9,58.7,67.7,68.0,63.7
0.0,9,58.7,67.7,68.0,63.7
18.2609,28,59.9,67.8,68.0,63.7
13.0435,27,59.9,67.8,68.0,63.7
18.6957,28,59.1,67.8,68.0,63.7
0.0,9,59.1,67.7,68.0,63.7
18.2609,27,59.3,67.8,68.0,63.7
20.0,28,59.3,67.8,68.0,63.5
0.0,9,57.5,67.7,68.0,63.1
0.0,9,59.5,67.7,68.0,63.1
0.0,9,59.5,67.7,68.0,63.1
0.0,25,59.5,67.8,68.0,63.1
0.0,9,59.5,67.7,68.0,61.8
0.0,13,58.0,67.7,68.0,64.2
0.0,9,58.7,67.7,68.0,64.8
0.0,0,60.7,68.0,69.8,66.8
0.0,0,62.8,68.3,69.9,66.9
0.0,0,63.6,68.5,69.9,66.9
0.0,0,63.6,68.6,69.9,66.9
0.0,0,63.6,68.7,69.9,66.9
0.0,0,63.6,68.7,69.9,66.9
0.0,1,63.6,69.0,69.9,66.9
0.0,5,64.8,69.5,69.9,66.9
0.0,5,64.8,69.5,69.9,66.9
0.0,4,64.8,69.4,69.9,66.9
0.0,0,64.8,69.3,69.9,66.9
0.0,8,64.8,70.3,69.9,66.9
0.0,6,62.4,69.6,70.0,67.0
18.2609,25,59.9,70.4,70.0,67.0
0.0,7,62.8,69.9,70.1,67.1
0.0,5,64.4,70.3,70.4,67.4
0.0,2,64.4,69.9,70.4,67.4
22.1739,26,62.8,70.9,70.4,67.4
43.2609,34,55.6,70.2,69.5,66.5
43.2609,35,59.2,69.3,68.9,65.9
34.5652,31,55.6,69.1,69.9,66.9
54.7826,40,58.0,68.6,68.5,65.5
39.3478,32,58.7,68.6,69.4,66.4
0.0,9,60.3,68.9,69.5,66.5
30.2174,29,57.2,69.1,69.5,66.5
28.0435,29,58.8,69.1,69.4,66.4
26.087,28,56.3,69.0,69.4,66.4
27.3913,28,59.9,69.1,69.4,66.4
26.087,28,56.4,69.1,69.4,66.4
21.7391,28,58.3,69.0,69.1,66.1
50.2174,39,56.8,69.6,68.5,65.5
37.8261,34,57.5,69.3,69.0,66.0
44.5652,35,56.9,69.3,69.0,66.0
46.9565,37,57.9,69.1,68.9,65.9
52.6087,38,56.8,69.2,68.9,65.9
51.5217,38,58.7,69.3,68.9,65.9
56.9565,41,57.4,69.2,68.9,65.9
57.8261,42,57.4,68.8,68.9,65.9
51.087,37,58.7,68.4,68.9,65.9
44.5652,35,57.2,68.4,68.9,65.9
23.2609,27,58.4,68.2,68.9,65.9
0.0,9,59.1,68.5,68.9,65.9
24.1304,30,58.4,68.4,68.4,65.4
0.0,0,60.7,68.7,70.8,67.8
0.0,0,63.2,69.1,70.8,67.8
0.0,1,64.4,69.3,70.6,67.6
0.0,0,64.4,69.4,70.8,67.8
0.0,0,65.4,69.6,70.8,67.8
0.0,0,65.4,69.6,70.8,67.8
0.0,0,65.4,69.6,70.8,67.8
0.0,0,65.4,69.7,70.8,67.8
0.0,0,65.4,69.8,70.8,67.8
0.0,0,66.2,69.7,70.8,67.8
0.0,0,66.2,69.8,70.8,67.8
0.0,0,66.2,69.8,70.8,67.8
0.0,0,66.2,69.8,70.8,67.8
0.0,0,66.2,69.8,70.8,67.8
0.0,0,66.2,69.9,70.8,67.8
0.0,0,66.2,69.9,70.8,67.8
0.0,0,66.2,70.0,70.8,67.8
0.0,0,66.2,69.8,70.8,67.8
0.0,0,66.2,69.9,70.8,67.8
0.0,0,66.2,69.9,70.8,67.8
0.0,0,66.2,69.9,70.8,67.8
0.0,0,66.2,69.9,70.8,67.8
0.0,0,66.2,70.0,70.8,67.8
0.0,0,66.2,69.9,70.8,67.8
0.0,0,66.2,70.0,70.8,67.8
0.0,0,66.2,70.0,70.8,67.8
0.0,0,66.2,70.0,70.8,67.8
0.0,0,66.2,70.0,70.8,67.8
0.0,0,66.2,70.0,70.8,67.8
0.0,0,66.2,70.0,70.8,67.8
0.0,0,66.2,70.0,70.8,67.8
0.0,0,66.2,70.0,70.8,67.8
0.0,0,66.2,70.0,70.8,67.8
0.0,0,66.2,70.0,70.8,67.8
0.0,0,66.2,70.1,70.8,67.8
0.0,0,66.2,70.0,70.8,67.8
0.0,0,66.2,70.0,70.8,67.8
0.0,0,66.2,70.0,70.8,67.8
0.0,0,66.2,70.0,70.8,67.8
0.0,0,66.2,69.9,70.8,67.8
0.0,0,66.2,69.9,70.8,67.8
0.0,0,66.2,69.9,70.8,67.8
0.0,0,66.2,70.0,70.8,67.8
0.0,0,66.2,70.0,70.8,67.8
0.0,0,66.2,70.0,70.8,67.8
0.0,0,66.2,70.0,70.8,67.8
0.0,0,66.2,70.0,70.8,67.8
0.0,0,66.2,70.0,70.8,67.8
0.0,0,66.2,70.0,70.8,67.8
0.0,4,66.2,70.0,70.4,67.4
0.0,1,65.3,70.0,70.4,67.4
0.0,0,65.3,69.9,70.4,67.4
0.0,1,65.3,70.0,70.4,67.4
0.0,0,65.3,69.9,70.4,67.4
0.0,0,65.3,69.9,70.4,67.4
0.0,4,65.3,69.8,69.6,66.6
0.0,3,65.3,69.8,69.9,66.9
46.087,35,59.1,69.2,68.0,63.9
0.0,1,59.1,69.1,70.6,67.6
62.3913,41,58.0,69.0,68.0,55.4
0.0,1,58.0,69.3,70.8,67.8
0.0,4,61.1,70.0,70.8,67.8
0.0,2,63.2,70.2,70.8,67.8
0.0,0,64.1,69.7,70.8,67.8
0.0,5,66.7,70.6,70.8,67.8
25.2174,27,57.9,70.7,70.6,67.6
0.0,2,60.7,69.8,70.5,67.5
0.0,7,63.2,70.4,70.8,67.8
0.0,9,59.2,70.9,70.8,67.8
21.3043,27,58.0,70.3,70.5,67.5
0.0,9,59.5,70.2,70.4,67.4
0.0,7,63.2,70.5,70.5,67.5
0.0,7,64.8,70.7,70.6,67.6
0.0,6,64.8,70.7,70.8,67.8
0.0,6,65.8,70.8,70.8,67.8
0.0,6,65.8,70.9,70.7,67.7
0.0,8,62.5,70.7,70.5,67.5
0.0,8,65.3,70.8,70.6,67.6
0.0,9,63.2,70.4,70.5,67.5
26.9565,32,58.0,70.9,70.5,67.5
28.4783,32,57.2,70.4,70.5,67.5
24.7826,30,57.2,70.0,70.4,67.4
20.6522,30,57.9,70.1,70.4,67.4
0.0,9,57.9,70.1,70.4,67.4
0.0,9,62.8,70.4,70.4,67.4
22.6087,31,60.0,70.7,70.4,67.4
0.0,5,61.1,69.9,70.4,67.4
22.6087,28,61.1,71.1,70.4,67.4
0.0,4,61.9,69.9,70.4,67.4
0.0,6,64.0,70.5,70.4,67.4
20.0,27,58.7,70.7,70.4,67.4
35.8696,32,58.0,70.3,69.8,66.8
40.4348,33,57.4,69.2,69.4,66.4
32.6087,30,57.4,69.0,69.4,66.4
23.913,27,57.4,68.9,69.4,66.4
17.6087,27,58.0,69.1,69.4,66.4
0.0,9,58.7,69.1,69.4,66.4
0.0,9,61.5,69.1,69.4,66.4
0.0,9,62.4,69.3,69.4,66.4
0.0,9,63.2,69.2,69.4,66.4
0.0,9,64.2,69.3,69.4,66.4
0.0,9,64.2,69.2,69.4,66.4
0.0,0,64.2,69.2,70.8,67.8
0.0,0,64.2,69.2,70.8,67.8
0.0,0,65.3,69.2,70.8,67.8
0.0,0,65.3,69.3,70.8,67.8
0.0,0,65.3,69.1,70.8,67.8
0.0,0,65.3,69.2,70.8,67.8
0.0,0,65.3,69.2,70.8,67.8
0.0,0,65.3,69.1,70.8,67.8
0.0,0,65.3,69.2,70.8,67.8
0.0,0,65.3,69.2,70.8,67.8
0.0,0,65.3,69.1,70.8,67.8
0.0,0,65.3,69.1,70.8,67.8
0.0,0,65.3,69.2,70.8,67.8
0.0,0,65.3,69.1,70.8,67.8
0.0,0,65.3,69.1,70.8,67.8
0.0,0,65.3,69.1,70.8,67.8
0.0,0,65.3,69.1,70.8,67.8
0.0,0,65.3,69.0,70.8,67.8
0.0,0,65.3,69.1,70.8,67.8
0.0,0,65.3,69.1,70.8,67.8
0.0,0,65.3,69.0,70.8,67.8
0.0,0,65.3,69.0,70.8,67.8
0.0,0,65.3,69.1,70.8,67.8
0.0,0,65.3,69.1,70.8,67.8
0.0,0,65.3,69.0,70.8,67.8
0.0,0,65.3,69.0,70.8,67.8
0.0,0,65.3,69.1,70.8,67.8
0.0,0,65.3,69.1,70.8,67.8
0.0,0,65.3,68.9,70.8,67.8
0.0,0,65.3,69.0,70.8,67.8
0.0,0,65.3,69.1,70.8,67.8
0.0,0,65.3,68.9,70.8,67.8
0.0,0,65.3,68.9,70.8,67.8
0.0,0,65.3,68.9,70.8,67.8
0.0,0,64.6,68.9,70.8,67.8
0.0,0,64.6,68.9,70.8,67.8
0.0,0,64.6,68.9,70.8,67.8
0.0,0,64.6,68.8,70.8,67.8
0.0,0,64.6,68.8,70.8,67.8
0.0,0,64.6,68.8,70.8,67.8
0.0,0,64.6,68.8,70.8,67.8
0.0,0,64.6,68.8,70.8,67.8
0.0,0,64.6,68.9,70.8,67.8
0.0,0,64.6,68.8,70.8,67.8
0.0,0,63.6,68.8,70.8,67.8
0.0,0,63.6,68.7,70.8,67.8
0.0,0,63.6,68.7,70.8,67.8
0.0,0,63.6,68.7,70.8,67.8
0.0,0,63.6,68.7,70.8,67.8
0.0,0,63.6,68.6,70.7,67.7
0.0,0,63.6,68.6,70.7,67.7
0.0,0,63.6,68.6,70.8,67.8
0.0,1,63.6,68.9,70.5,67.5
0.0,2,63.6,69.6,70.7,67.7
0.0,6,63.6,70.2,70.7,67.7
0.0,3,64.8,70.3,70.7,67.7
0.0,5,64.8,70.7,70.8,67.8
0.0,3,64.8,70.6,70.7,67.7
0.0,0,64.8,70.1,70.8,67.8
0.0,0,64.8,69.7,70.8,67.8
21.7391,24,62.5,71.1,70.8,67.8
0.0,6,62.5,70.0,70.8,67.8
0.0,7,58.7,70.2,70.8,67.8
0.0,5,61.2,70.3,70.8,67.8
0.0,0,63.6,69.4,70.8,67.8
0.0,0,64.4,69.8,70.8,67.8
0.0,0,64.4,69.3,70.8,67.8
0.0,2,64.4,69.9,70.8,67.8
0.0,0,64.4,69.4,70.8,67.8
0.0,1,64.4,69.6,70.8,67.8
0.0,0,64.4,69.4,70.8,67.8
0.0,2,64.4,70.0,70.8,67.8
0.0,7,65.3,70.7,70.8,67.8
0.0,0,65.3,69.2,70.8,67.8
0.0,20,64.0,70.1,70.8,67.8
0.0,19,61.8,70.5,70.8,67.8
0.0,8,61.8,70.5,70.8,67.8
0.0,0,63.2,68.9,70.8,67.8
0.0,0,64.0,67.4,70.8,67.8
0.0,0,64.0,67.1,70.8,67.8
0.0,0,64.0,67.2,70.8,67.8
0.0,0,64.0,67.2,70.8,67.8
0.0,1,64.0,68.2,70.8,67.8
0.0,1,64.0,69.4,70.8,67.8
0.0,0,64.0,68.2,70.8,67.8
0.0,0,64.0,68.7,70.8,67.8
0.0,0,64.8,69.3,70.8,67.8
0.0,0,64.8,69.3,70.8,67.8
0.0,0,64.8,69.1,70.8,67.8
0.0,0,64.8,68.9,70.8,67.8
0.0,0,64.8,68.7,70.8,67.8
0.0,0,64.8,68.6,70.8,67.8
0.0,0,64.8,68.4,70.8,67.8
0.0,0,64.8,68.2,70.8,67.8
0.0,0,64.8,68.2,70.8,67.8
0.0,0,64.8,68.1,70.8,67.8
0.0,0,64.8,68.1,70.8,67.8
0.0,0,64.8,67.9,70.8,67.8
0.0,0,64.8,67.9,70.8,67.8
0.0,0,64.8,67.9,70.8,67.8
0.0,0,64.8,67.9,70.8,67.8
0.0,0,64.8,67.8,70.8,67.8
0.0,0,64.8,67.7,70.8,67.8
0.0,0,64.8,67.8,70.8,67.8
0.0,0,64.8,67.7,70.8,67.8
0.0,0,64.8,67.8,70.8,67.8
0.0,0,64.8,67.6,70.8,67.8
0.0,0,64.8,67.7,70.8,67.8
0.0,0,64.8,67.6,70.8,67.8
0.0,0,64.8,67.6,70.8,67.8
0.0,0,64.8,67.6,70.8,67.8
0.0,0,64.8,67.5,70.8,67.8
0.0,0,64.8,67.6,70.8,67.8
0.0,0,64.8,67.5,70.8,67.8
0.0,0,64.8,67.5,70.8,67.8
0.0,0,64.8,67.4,70.8,67.8
0.0,0,64.8,67.5,70.8,67.8
0.0,0,64.8,67.4,70.8,67.8
0.0,0,64.8,67.4,70.8,67.8
0.0,0,64.8,67.3,70.8,67.8
0.0,0,64.8,67.4,70.8,67.8
0.0,0,64.8,67.3,70.8,67.8
0.0,0,64.8,67.4,70.8,67.8
0.0,0,64.8,67.3,70.8,67.8
0.0,0,64.8,67.4,70.8,67.8
0.0,0,64.8,67.4,70.8,67.8
0.0,0,64.8,67.3,70.8,67.8
0.0,0,64.8,67.4,70.8,67.8
0.0,0,64.8,67.3,70.8,67.8
0.0,0,64.8,67.4,70.8,67.8
0.0,0,64.8,67.2,70.8,67.8
0.0,0,64.8,67.3,70.8,67.8
0.0,0,64.8,67.2,70.8,67.8
0.0,0,64.8,67.2,70.8,67.8
0.0,0,64.8,67.2,70.8,67.8
0.0,0,64.8,67.2,70.8,67.8
0.0,0,64.8,67.2,70.8,67.8
0.0,0,64.8,67.2,70.8,67.8
0.0,0,64.0,67.3,70.8,67.8
0.0,0,64.0,67.2,70.8,67.8
0.0,0,64.0,67.3,70.8,67.8
0.0,0,64.0,67.3,70.8,67.8
0.0,0,64.0,67.3,70.8,67.8
0.0,0,64.0,67.4,70.8,67.8
0.0,0,64.0,67.3,70.8,67.8
0.0,0,64.0,67.4,70.8,67.8
0.0,0,64.0,67.4,70.8,67.8
0.0,0,64.0,67.4,70.8,67.8
0.0,0,64.0,67.4,70.8,67.8
0.0,0,64.0,67.4,70.8,67.8
0.0,0,64.0,67.4,70.8,67.8
0.0,0,61.3,67.2,69.4,66.4
0.0,0,63.2,67.4,69.4,66.4
0.0,0,63.2,67.4,69.5,66.5
0.0,0,63.2,67.4,69.5,66.5
0.0,0,63.2,67.4,69.6,66.6
0.0,0,64.0,67.5,69.8,66.8
0.0,0,64.0,67.6,69.9,66.9
0.0,0,64.0,67.7,69.9,66.9
0.0,0,64.0,67.8,69.9,66.9
0.0,0,64.0,67.9,69.9,66.9
0.0,0,64.0,67.9,69.9,66.9
0.0,0,64.0,68.0,69.9,66.9
0.0,0,64.0,68.0,69.9,66.9
0.0,0,64.0,68.1,69.9,66.9
0.0,0,64.0,68.1,69.9,66.9
0.0,0,64.0,68.2,69.9,66.9
0.0,0,64.0,68.2,69.9,66.9
0.0,0,64.0,68.2,70.4,67.4
0.0,0,61.5,68.0,70.4,67.4
0.0,0,63.2,68.2,70.4,67.4
0.0,0,63.2,68.2,70.4,67.4
0.0,9,60.8,68.3,70.0,67.0
0.0,0,62.4,68.2,70.4,67.4
0.0,0,63.2,68.3,70.4,67.4
0.0,0,63.2,68.3,70.4,67.4
0.0,0,63.2,68.4,70.4,67.4
0.0,0,64.0,68.4,70.4,67.4
0.0,0,64.0,68.4,70.4,67.4
0.0,0,64.0,68.4,70.4,67.4
0.0,0,64.0,68.4,70.4,67.4
0.0,0,64.0,68.2,70.4,67.4
0.0,0,64.0,68.2,70.4,67.4
0.0,0,64.0,68.2,70.4,67.4
0.0,0,64.0,68.2,70.4,67.4
0.0,0,64.0,68.2,70.4,67.4
0.0,0,64.0,68.1,70.4,67.4
0.0,0,64.0,68.2,70.0,67.0
0.0,0,64.0,68.2,69.9,66.9
0.0,0,64.8,68.2,70.0,67.0
0.0,2,64.8,68.2,70.4,67.4
0.0,0,62.8,68.1,70.8,67.8
0.0,0,64.0,68.1,70.7,67.7
0.0,0,64.0,68.2,70.5,67.5
0.0,4,62.8,68.1,70.4,67.4
0.0,0,64.3,68.1,70.4,67.4
0.0,0,63.6,68.1,70.4,67.4
0.0,0,63.6,68.2,70.3,67.3
0.0,0,64.8,68.1,70.4,67.4
0.0,0,64.8,68.2,70.8,67.8
0.0,0,64.8,68.2,70.8,67.8
0.0,0,64.8,68.2,70.8,67.8
0.0,0,64.8,68.2,70.8,67.8
0.0,0,64.8,68.1,70.8,67.8
0.0,0,64.8,68.1,70.8,67.8
0.0,0,64.8,68.1,70.8,67.8
0.0,6,63.6,68.2,70.4,67.4
0.0,0,64.8,68.2,70.8,67.8
0.0,0,64.8,68.1,70.4,67.4
0.0,0,64.8,68.1,70.8,67.8
0.0,0,64.8,68.1,70.8,67.8
13.913,22,64.8,68.1,70.4,67.4
0.0,0,64.8,68.1,70.8,67.8
0.0,0,64.8,68.1,70.8,67.8
0.0,0,64.8,68.1,70.8,67.8
0.0,0,64.8,68.1,70.8,67.8
0.0,0,64.8,68.1,70.8,67.8
0.0,0,64.8,68.1,70.8,67.8
0.0,6,62.0,68.0,70.0,67.0
0.0,0,64.0,68.0,70.4,67.4
0.0,0,64.0,68.0,70.8,67.8
0.0,0,64.8,68.0,70.8,67.8
0.0,0,61.5,67.9,70.8,67.8
0.0,0,64.0,67.9,70.8,67.8
20.6522,24,60.8,67.8,69.5,66.5
0.0,0,63.2,67.8,70.8,67.8
0.0,0,64.0,67.9,70.8,67.8
0.0,0,64.0,67.9,70.8,67.8
0.0,0,60.7,67.7,70.8,67.8
0.0,0,63.6,67.7,70.8,67.8
0.0,0,64.4,67.7,70.8,67.8
0.0,0,64.4,67.8,70.8,67.8
0.0,0,64.4,67.8,70.8,67.8
0.0,0,64.4,67.9,70.8,67.8
0.0,0,64.4,67.9,70.8,67.8
0.0,0,64.4,67.9,70.8,67.8
0.0,0,64.4,67.9,70.8,67.8
0.0,0,64.4,68.0,70.8,67.8
0.0,0,59.8,67.7,70.8,67.8
0.0,0,61.1,67.6,70.8,67.8
0.0,0,62.8,67.7,70.8,67.8
0.0,0,62.8,67.7,70.8,67.8
0.0,0,62.8,67.7,70.8,67.8
0.0,0,62.8,67.7,70.8,67.8
0.0,4,63.5,67.7,70.4,67.4
0.0,0,63.5,67.5,70.8,67.8
0.0,0,63.5,67.4,70.8,67.8
0.0,0,63.5,67.4,70.8,67.8
16.9565,19,63.5,67.4,69.9,66.9
26.087,26,62.1,67.3,69.6,66.6
0.0,0,62.8,67.2,70.8,67.8
0.0,0,60.3,67.0,70.4,67.4
0.0,17,61.9,67.1,69.6,66.6
0.0,0,61.9,67.1,70.8,67.8
0.0,0,62.8,67.2,70.8,67.8
0.0,0,62.8,67.1,70.8,67.8
0.0,0,62.8,67.2,70.8,67.8
0.0,0,62.8,67.1,70.8,67.8
0.0,0,62.8,66.9,70.8,67.8
0.0,0,62.8,66.8,70.8,67.8
0.0,0,62.8,66.6,70.8,67.8
0.0,9,62.8,66.6,69.4,66.4
0.0,0,62.8,66.9,70.8,67.8
0.0,0,62.8,66.9,70.8,67.8
0.0,0,62.8,67.1,70.9,67.9
0.0,0,62.8,67.2,70.9,67.9
0.0,0,62.8,67.3,70.9,67.9
0.0,0,62.8,67.4,70.9,67.9
0.0,0,63.6,67.5,70.9,67.9
0.0,0,63.6,67.6,70.9,67.9
0.0,0,63.6,67.7,70.8,67.8
0.0,0,63.6,67.8,70.8,67.8
0.0,0,63.6,67.9,70.8,67.8
0.0,0,63.6,68.0,70.8,67.8
0.0,0,63.6,68.1,70.8,67.8
0.0,0,63.6,68.1,70.8,67.8
0.0,0,63.6,68.2,70.8,67.8
0.0,0,63.6,68.2,70.8,67.8
0.0,0,63.6,68.2,70.8,67.8
0.0,0,63.6,68.2,70.8,67.8
0.0,0,63.6,68.4,70.8,67.8
0.0,0,64.4,68.4,70.8,67.8
0.0,0,64.4,68.4,70.8,67.8
0.0,0,64.4,68.5,70.8,67.8
0.0,0,62.8,68.4,70.8,67.8
0.0,0,64.0,68.6,70.8,67.8
0.0,0,64.8,68.6,70.8,67.8
0.0,0,64.8,68.6,70.8,67.8
0.0,0,64.8,68.6,70.8,67.8
0.0,0,64.8,68.6,70.8,67.8
0.0,0,64.8,68.6,70.8,67.8
0.0,0,64.8,68.6,70.8,67.8
0.0,0,64.8,68.6,70.8,67.8
0.0,0,64.8,68.6,70.8,67.8
0.0,0,64.8,68.6,70.8,67.8
0.0,0,64.8,68.5,70.8,67.8
0.0,0,64.8,68.5,70.8,67.8
0.0,0,64.8,68.4,70.8,67.8
0.0,0,64.8,68.4,70.8,67.8
0.0,0,65.8,68.4,70.8,67.8
0.0,0,65.8,68.4,70.8,67.8
0.0,0,65.8,68.4,70.8,67.8
0.0,0,65.8,68.3,70.8,67.8
0.0,0,65.8,68.3,70.8,67.8
0.0,0,65.8,68.3,70.8,67.8
0.0,0,65.8,68.2,70.8,67.8
0.0,0,65.8,68.2,70.8,67.8
0.0,0,65.0,68.2,70.8,67.8
0.0,0,65.0,68.2,70.8,67.8
0.0,9,62.8,68.1,69.8,66.8
46.087,33,62.0,68.0,69.3,66.3
0.0,0,63.2,67.9,70.8,67.8
0.0,0,64.4,68.0,70.6,67.6
0.0,0,64.4,68.0,70.8,67.8
0.0,0,64.4,68.0,70.8,67.8
0.0,2,64.4,68.1,70.4,67.4
0.0,0,64.4,68.0,70.8,67.8
0.0,0,63.7,68.0,70.8,67.8
0.0,3,64.8,68.0,70.4,67.4
0.0,0,64.8,68.0,70.4,67.4
0.0,0,64.8,68.0,70.6,67.6
0.0,0,64.8,68.1,70.8,67.8
0.0,0,63.7,68.0,70.8,67.8
0.0,0,64.8,68.1,70.8,67.8
0.0,0,64.8,68.0,70.8,67.8
0.0,0,64.8,68.0,70.4,67.4
0.0,0,64.8,67.9,70.4,67.4
26.9565,26,63.7,67.9,70.2,67.2
0.0,2,63.7,67.8,70.6,67.6
0.0,0,64.4,67.9,70.8,67.8
0.0,1,63.6,67.9,70.2,67.2
0.0,0,63.6,68.0,70.8,67.8
0.0,0,63.6,67.9,70.8,67.8
0.0,0,63.6,68.0,70.8,67.8
0.0,0,62.8,68.0,70.8,67.8
0.0,0,62.8,68.1,70.8,67.8
0.0,0,64.0,68.1,70.8,67.8
0.0,0,64.0,68.2,70.8,67.8
0.0,0,64.0,68.2,70.8,67.8
0.0,0,64.0,68.2,70.8,67.8
0.0,2,63.2,68.2,70.4,67.4
0.0,0,63.2,68.9,70.8,67.8
33.4783,28,61.2,69.3,70.1,67.1
0.0,0,62.4,69.4,70.8,67.8
0.0,1,63.6,70.0,70.8,67.8
11.3043,23,61.6,70.2,68.8,65.8
0.0,3,62.8,70.4,70.8,67.8
0.0,6,64.0,70.6,70.8,67.8
0.0,7,64.8,71.1,70.8,67.8
0.0,6,64.8,70.9,70.8,67.8
0.0,7,64.0,70.8,70.8,67.8
0.0,7,62.4,70.5,70.8,67.8
0.0,6,64.7,71.0,70.8,67.8
0.0,9,59.9,71.1,70.8,67.8
0.0,9,59.9,70.9,70.8,67.8
0.0,9,59.9,71.0,70.8,67.8
28.0435,28,57.6,70.4,69.7,66.7
0.0,9,61.9,70.7,70.8,67.8
0.0,9,64.0,70.8,70.8,67.8
0.0,9,64.8,70.8,70.8,67.8
0.0,9,64.8,70.9,70.8,67.8
0.0,9,60.3,70.9,70.8,67.8
0.0,7,60.3,70.5,70.8,67.8
0.0,8,62.8,70.8,70.8,67.8
0.0,8,63.6,71.0,70.8,67.8
0.0,9,57.2,70.4,70.8,67.8
0.0,7,60.2,70.4,70.9,67.9
0.0,7,63.6,71.1,71.3,68.3
0.0,0,64.4,70.3,71.3,68.3
21.7391,26,62.5,71.7,71.3,68.3
0.0,18,60.7,71.1,71.3,68.3
17.6087,25,58.4,71.2,71.3,68.3
20.0,26,59.1,71.1,71.3,68.3
0.0,8,60.3,71.0,71.3,68.3
0.0,9,63.6,71.5,71.3,68.3
0.0,9,61.1,71.3,71.3,68.3
0.0,9,64.4,71.2,71.3,68.3
0.0,9,65.3,71.1,71.3,68.3
0.0,8,65.3,71.0,71.3,68.3
0.0,7,65.3,71.0,71.3,68.3
0.0,7,66.2,71.0,71.3,68.3
0.0,4,66.2,70.9,71.3,68.3
0.0,0,66.2,70.8,71.3,68.3
0.0,0,66.2,70.8,71.3,68.3
0.0,0,66.2,70.7,71.3,68.3
0.0,0,66.2,70.7,71.3,68.3
0.0,0,66.2,70.7,71.3,68.3
0.0,0,66.2,70.6,71.3,68.3
0.0,0,66.2,70.6,71.3,68.3
0.0,0,66.2,70.6,71.3,68.3
0.0,0,66.2,70.5,71.3,68.3
0.0,0,66.2,70.6,71.3,68.3
0.0,0,66.2,70.5,71.3,68.3
0.0,0,66.2,70.5,71.3,68.3
0.0,0,66.2,70.5,71.3,68.3
0.0,0,66.2,70.5,71.3,68.3
0.0,0,66.2,70.5,71.3,68.3
0.0,0,66.2,70.4,71.3,68.3
0.0,0,66.2,70.4,71.3,68.3
0.0,0,66.2,70.4,71.3,68.3
0.0,0,66.2,70.4,71.3,68.3
0.0,0,66.2,70.4,71.3,68.3
0.0,0,66.2,70.4,71.3,68.3
0.0,0,66.2,70.4,71.3,68.3
0.0,0,66.2,70.3,71.3,68.3
0.0,0,66.2,70.3,71.3,68.3
0.0,1,66.2,70.4,71.1,68.1
0.0,0,67.2,70.3,71.2,68.2
0.0,0,67.2,70.3,71.2,68.2
0.0,0,67.2,70.4,71.2,68.2
0.0,0,67.2,70.3,71.1,68.1
0.0,1,67.2,70.3,71.1,68.1
0.0,0,67.2,70.3,71.0,68.0
0.0,0,67.2,70.3,71.0,68.0
0.0,0,67.2,70.3,71.0,68.0
0.0,1,67.2,70.3,71.0,68.0
0.0,0,67.2,70.3,71.0,68.0
0.0,0,67.2,70.3,70.9,67.9
0.0,1,67.2,70.3,70.9,67.9
0.0,0,67.2,70.3,70.9,67.9
0.0,0,67.2,70.3,70.9,67.9
0.0,0,67.2,70.3,70.9,67.9
0.0,0,67.2,70.3,70.9,67.9
0.0,0,67.2,70.3,70.9,67.9
0.0,0,67.2,70.3,70.9,67.9
0.0,0,67.2,70.3,70.9,67.9
0.0,0,67.2,70.3,70.9,67.9
0.0,0,67.2,70.3,70.9,67.9
0.0,0,66.3,70.3,70.9,67.9
0.0,0,66.3,70.4,70.9,67.9
0.0,0,66.3,70.4,70.9,67.9
0.0,0,66.3,70.5,70.9,67.9
0.0,0,66.3,70.5,70.9,67.9
0.0,0,66.3,70.5,70.9,67.9
0.0,1,65.3,70.5,70.8,67.8
0.0,1,65.3,70.5,70.8,67.8
0.0,1,65.3,70.8,70.8,67.8
0.0,4,65.3,71.2,70.8,67.8
0.0,9,58.8,71.2,70.8,67.8
0.0,9,58.8,71.0,70.8,67.8
23.2609,25,58.8,71.2,70.8,67.8
23.913,26,56.4,70.6,70.8,67.8
21.3043,26,59.1,70.9,70.8,67.8
21.3043,26,56.4,71.0,70.8,67.8
27.8261,28,59.5,71.2,70.8,67.8
32.3913,29,56.3,70.8,70.8,67.8
32.3913,29,57.6,70.8,70.8,67.8
54.5652,38,58.8,70.6,70.2,67.2
31.3043,30,55.6,70.3,70.8,67.8
0.0,9,61.1,71.0,71.3,68.3
19.5652,27,57.9,71.1,71.3,68.3
0.0,9,59.3,71.0,71.3,68.3
0.0,8,59.3,70.9,71.3,68.3
0.0,8,64.8,71.2,71.3,68.3
0.0,9,65.8,71.6,71.3,68.3
28.0435,31,57.5,71.6,71.3,68.3
28.0435,30,56.4,71.2,71.3,68.3
26.5217,30,59.5,71.1,71.3,68.3
25.4348,30,57.1,71.2,71.3,68.3
0.0,5,59.5,70.7,71.3,68.3
0.0,5,63.5,70.8,71.2,68.2
0.0,0,64.8,69.5,71.0,68.0
22.1739,26,59.6,70.3,70.9,67.9
0.0,6,59.6,70.3,70.8,67.8
0.0,7,62.8,70.2,70.4,67.4
0.0,0,64.4,69.2,70.9,67.9
0.0,2,65.3,69.7,70.9,67.9
0.0,0,66.2,69.8,70.9,67.9
0.0,2,66.2,70.3,70.9,67.9
0.0,0,66.2,70.3,70.9,67.9
0.0,0,64.8,70.3,70.8,67.8
0.0,0,64.8,70.2,70.8,67.8
0.0,0,64.8,70.0,70.8,67.8
0.0,0,64.8,70.0,70.8,67.8
0.0,0,64.8,69.9,70.8,67.8
0.0,0,64.8,70.0,69.7,66.7
0.0,0,64.8,69.8,70.8,67.8
0.0,1,64.8,69.8,70.8,67.8
0.0,0,65.8,69.8,70.8,67.8
0.0,0,61.5,69.6,70.8,67.8
0.0,0,64.4,69.6,70.8,67.8
0.0,0,65.3,69.7,70.8,67.8
0.0,0,65.3,69.7,70.8,67.8
0.0,0,66.0,69.7,70.8,67.8
0.0,0,66.0,69.7,70.8,67.8
0.0,0,66.0,69.7,70.8,67.8
0.0,0,66.0,69.8,70.8,67.8
0.0,0,66.0,69.8,70.8,67.8
0.0,0,66.0,69.8,70.8,67.8
0.0,0,66.0,69.8,70.8,67.8
0.0,0,66.0,69.8,70.8,67.8
0.0,0,66.0,69.7,70.8,67.8
0.0,0,66.0,69.7,70.8,67.8
0.0,0,66.0,69.7,70.8,67.8
0.0,0,66.0,69.6,70.8,67.8
0.0,0,66.0,69.6,70.8,67.8
0.0,0,66.0,69.5,70.8,67.8
0.0,0,66.0,69.4,70.8,67.8
0.0,0,64.8,69.3,70.8,67.8
0.0,0,65.8,69.3,70.9,67.9
0.0,0,65.8,69.2,70.9,67.9
0.0,0,65.8,69.2,70.9,67.9
0.0,0,65.8,69.1,70.9,67.9
0.0,0,65.8,69.1,70.9,67.9
0.0,0,65.8,69.0,70.9,67.9
0.0,0,65.8,68.9,70.9,67.9
0.0,0,65.8,68.9,70.9,67.9
0.0,0,65.8,68.8,70.9,67.9
28.0435,25,60.5,68.7,69.9,66.9
0.0,0,63.2,68.6,70.8,67.8
0.0,0,64.4,68.7,70.8,67.8
0.0,0,64.4,68.6,71.2,68.2
0.0,0,64.4,68.6,70.9,67.9
0.0,0,64.4,68.6,70.9,67.9
0.0,0,64.4,68.5,70.9,67.9
0.0,0,64.4,68.4,70.9,67.9
0.0,0,64.4,68.4,70.9,67.9
0.0,0,64.4,68.4,70.9,67.9
0.0,0,64.4,68.3,70.9,67.9
0.0,0,64.4,68.3,70.9,67.9
0.0,0,64.4,68.2,70.9,67.9
0.0,0,64.4,68.1,70.9,67.9
0.0,0,64.4,68.0,70.9,67.9
0.0,0,64.4,68.1,70.9,67.9
0.0,0,63.2,68.1,70.9,67.9
0.0,0,63.2,68.2,70.9,67.9
0.0,0,63.2,68.2,70.9,67.9
0.0,0,63.2,68.3,70.9,67.9
0.0,0,63.2,68.4,70.9,67.9
0.0,0,63.2,68.3,70.9,67.9
0.0,0,63.2,68.4,70.9,67.9
0.0,0,63.2,68.4,70.9,67.9
0.0,0,63.2,68.7,70.9,67.9
0.0,0,63.2,69.4,70.9,67.9
0.0,0,64.0,69.9,70.9,67.9
0.0,0,64.0,70.0,70.9,67.9
0.0,0,64.0,69.9,70.9,67.9
0.0,0,64.0,70.1,70.9,67.9
0.0,0,64.0,70.1,70.9,67.9
0.0,0,64.0,70.2,70.9,67.9
0.0,0,64.0,70.2,70.9,67.9
0.0,0,64.0,70.3,70.9,67.9
0.0,0,64.0,69.9,70.9,67.9
0.0,0,64.0,69.7,70.9,67.9
0.0,0,64.0,69.8,70.9,67.9
0.0,0,64.7,69.7,70.9,67.9
0.0,14,60.8,70.6,70.9,67.9
0.0,9,60.8,70.8,70.9,67.9
0.0,9,61.5,71.0,70.9,67.9
0.0,9,61.5,70.9,70.9,67.9
0.0,9,61.5,70.7,70.9,67.9
0.0,9,62.4,70.8,70.9,67.9
0.0,0,62.4,69.8,70.9,67.9
0.0,5,64.8,70.4,70.9,67.9
0.0,3,64.8,69.8,70.9,67.9
0.0,8,64.8,70.5,70.9,67.9
0.0,8,64.8,70.6,70.9,67.9
0.0,6,65.8,70.8,70.9,67.9
0.0,0,65.8,69.5,70.9,67.9
21.3043,24,59.9,70.8,70.9,67.9
0.0,1,61.6,70.0,70.9,67.9
20.6522,25,57.2,70.9,70.9,67.9
18.6957,25,59.5,70.9,70.9,67.9
20.0,25,57.9,70.7,70.9,67.9
0.0,9,61.1,71.1,70.9,67.9
0.0,9,61.1,70.8,70.9,67.9
0.0,4,63.2,70.5,70.9,67.9
0.0,6,65.3,70.7,70.9,67.9
0.0,5,65.3,70.6,70.9,67.9
0.0,1,65.3,70.5,70.9,67.9
0.0,0,65.3,70.4,70.9,67.9
0.0,0,65.3,70.3,70.9,67.9
0.0,0,65.3,70.2,70.9,67.9
0.0,0,65.3,70.1,70.9,67.9
0.0,0,65.3,70.2,70.9,67.9
0.0,0,65.3,70.0,70.9,67.9
0.0,0,65.3,70.0,70.9,67.9
0.0,0,65.3,70.1,70.9,67.9
0.0,0,66.2,70.1,70.9,67.9
0.0,0,66.2,70.0,70.9,67.9
0.0,0,66.2,70.0,70.9,67.9
0.0,0,66.2,70.0,70.9,67.9
0.0,0,66.2,70.0,70.9,67.9
0.0,0,66.2,70.0,70.9,67.9
0.0,0,66.2,70.0,70.9,67.9
0.0,0,66.2,69.9,70.9,67.9
0.0,0,66.2,69.9,70.9,67.9
0.0,0,66.2,69.9,70.9,67.9
0.0,0,66.2,69.9,70.9,67.9
0.0,0,66.2,69.9,70.9,67.9
0.0,0,66.2,69.9,70.9,67.9
0.0,0,66.2,69.9,70.9,67.9
0.0,0,66.2,69.8,70.9,67.9
0.0,0,66.2,69.8,70.9,67.9
0.0,0,66.2,69.8,70.9,67.9
0.0,0,66.2,69.8,70.9,67.9
0.0,0,66.2,69.8,70.9,67.9
0.0,0,66.2,69.7,70.9,67.9
0.0,0,66.2,69.7,70.9,67.9
0.0,0,66.2,69.7,70.9,67.9
0.0,0,66.2,69.6,70.9,67.9
0.0,0,66.2,69.6,70.9,67.9
0.0,0,66.2,69.6,70.9,67.9
0.0,0,65.4,69.5,70.9,67.9
0.0,0,65.4,69.4,70.9,67.9
0.0,0,65.4,69.4,70.9,67.9
0.0,0,65.4,69.4,70.9,67.9
0.0,0,65.4,69.3,70.9,67.9
0.0,0,65.4,69.3,70.9,67.9
0.0,0,65.4,69.2,70.9,67.9
0.0,0,65.4,69.2,70.9,67.9
0.0,0,65.4,69.2,70.9,67.9
0.0,0,65.4,69.2,70.9,67.9
0.0,0,65.4,69.1,70.9,67.9
0.0,0,65.4,69.1,70.9,67.9
0.0,0,65.4,69.1,70.9,67.9
0.0,0,65.4,69.1,70.9,67.9
0.0,0,65.4,69.1,70.9,67.9
0.0,0,65.4,69.1,70.9,67.9
0.0,0,64.4,69.1,70.9,67.9
0.0,0,64.4,69.2,70.9,67.9
0.0,0,64.4,69.3,70.9,67.9
0.0,0,64.4,69.3,70.7,67.7
0.0,0,63.6,69.2,70.4,67.4
0.0,0,63.6,69.2,70.8,67.8
0.0,0,63.6,69.3,70.8,67.8
0.0,0,63.6,69.3,70.8,67.8
0.0,0,63.6,69.3,70.8,67.8
0.0,0,62.4,69.0,70.8,67.8
0.0,0,63.2,68.9,70.8,67.8
0.0,6,64.0,70.0,70.8,67.8
0.0,1,64.0,69.5,70.8,67.8
0.0,7,64.0,70.3,70.8,67.8
0.0,11,58.8,69.9,70.4,67.4
0.0,1,60.3,69.9,70.8,67.8
0.0,1,63.2,70.2,70.8,67.8
0.0,2,64.4,70.5,70.8,67.8
0.0,3,64.4,70.7,70.8,67.8
0.0,3,64.4,70.7,70.8,67.8
0.0,3,64.4,70.9,70.8,67.8
0.0,3,64.4,70.9,70.8,67.8
0.0,6,65.8,71.2,70.8,67.8
0.0,8,64.1,71.2,70.8,67.8
23.2609,26,57.6,71.2,70.8,67.8
0.0,16,59.5,70.6,70.8,67.8
0.0,9,57.9,70.5,70.8,67.8
23.2609,31,59.9,70.6,70.8,67.8
0.0,9,60.6,70.5,70.8,67.8
19.5652,30,59.1,70.8,70.8,67.8
18.6957,30,57.6,70.9,70.8,67.8
21.3043,31,57.6,71.0,70.8,67.8
24.7826,32,59.1,70.9,70.8,67.8
0.0,1,59.1,69.9,70.8,67.8
0.0,9,63.2,71.3,70.8,67.8
27.8261,28,59.1,70.5,70.8,67.8
0.0,14,59.1,70.6,70.8,67.8
0.0,2,59.1,70.1,70.8,67.8
0.0,9,62.8,71.2,70.8,67.8
0.0,9,60.7,70.8,70.8,67.8
0.0,9,64.0,70.8,70.8,67.8
0.0,9,64.0,70.8,70.8,67.8
0.0,9,64.9,70.7,70.8,67.8
0.0,8,63.9,70.5,70.8,67.8
0.0,7,64.9,70.5,70.8,67.8
0.0,5,64.9,70.5,70.8,67.8
0.0,4,64.9,70.5,70.8,67.8
0.0,1,64.9,70.4,70.8,67.8
0.0,1,64.9,70.4,70.8,67.8
0.0,0,64.9,70.3,70.8,67.8
0.0,0,64.9,70.3,70.9,67.9
0.0,0,64.9,70.3,70.9,67.9
0.0,0,64.9,70.2,70.9,67.9
0.0,0,64.9,70.2,70.9,67.9
0.0,7,64.9,70.2,69.8,66.8
0.0,4,64.9,70.0,70.4,67.4
0.0,0,64.9,70.0,70.8,67.8
0.0,0,64.9,70.0,70.8,67.8
0.0,0,64.9,70.0,70.8,67.8
0.0,0,64.9,70.0,70.8,67.8
0.0,0,64.9,70.0,70.8,67.8
0.0,0,64.9,70.0,70.8,67.8
0.0,3,66.1,70.0,70.4,67.4
0.0,0,64.4,69.9,70.8,67.8
0.0,0,64.4,69.9,70.8,67.8
0.0,0,65.3,69.8,70.8,67.8
0.0,0,65.3,69.8,70.8,67.8
0.0,0,65.3,69.8,70.8,67.8
0.0,1,65.3,69.9,70.8,67.8
0.0,0,65.3,69.8,70.8,67.8
0.0,0,65.3,69.9,70.8,67.8
0.0,0,65.3,69.8,70.8,67.8
0.0,0,65.3,69.9,70.8,67.8
0.0,0,65.3,69.9,70.8,67.8
0.0,0,65.3,69.8,70.8,67.8
0.0,0,65.3,69.8,70.8,67.8
0.0,0,62.4,69.8,70.8,67.8
0.0,0,64.8,69.8,70.9,67.9
0.0,14,64.8,69.8,69.8,66.8
0.0,0,64.0,69.8,70.8,67.8
0.0,0,65.3,69.8,70.8,67.8
0.0,0,65.3,69.8,70.8,67.8
0.0,0,65.3,69.8,70.9,67.9
0.0,0,65.3,69.8,70.8,67.8
0.0,0,65.3,69.8,70.8,67.8
0.0,0,65.3,69.8,70.8,67.8
0.0,0,65.3,69.8,70.8,67.8
0.0,0,65.3,69.8,70.8,67.8
0.0,4,64.4,69.7,70.4,67.4
0.0,0,65.3,69.7,70.8,67.8
0.0,0,65.3,69.7,70.8,67.8
0.0,4,65.3,69.7,70.4,67.4
0.0,0,65.3,69.7,70.4,67.4
0.0,0,65.3,69.7,70.4,67.4
0.0,0,65.3,69.7,70.4,67.4
0.0,0,65.3,69.7,70.4,67.4
0.0,0,65.3,69.7,70.4,67.4
0.0,0,64.4,69.8,70.4,67.4
0.0,4,64.4,69.7,69.9,66.9
0.0,0,64.4,69.8,70.4,67.4
0.0,0,64.4,69.7,70.4,67.4
0.0,1,64.4,69.9,70.4,67.4
0.0,1,64.4,70.1,70.8,67.8
0.0,0,64.4,70.2,70.8,67.8
0.0,0,64.4,70.2,70.8,67.8
0.0,4,65.3,70.9,70.8,67.8
0.0,7,65.3,71.2,70.8,67.8
25.2174,25,59.5,71.2,70.8,67.8
0.0,9,59.5,71.0,70.8,67.8
22.1739,27,58.4,71.2,70.8,67.8
28.4783,30,57.6,70.9,70.8,67.8
35.0,32,57.6,71.2,70.8,67.8
34.5652,32,57.6,71.0,70.8,67.8
44.1304,36,57.6,71.4,70.8,67.8
48.2609,36,56.8,70.7,70.8,67.8
35.0,31,56.8,70.3,70.8,67.8
0.0,0,59.1,69.3,70.8,67.8
0.0,0,62.4,69.7,70.8,67.8
0.0,0,63.6,69.7,70.8,67.8
0.0,0,63.6,69.1,70.8,67.8
0.0,0,64.4,69.3,70.8,67.8
0.0,0,64.4,69.8,70.8,67.8
0.0,7,60.3,70.4,70.8,67.8
0.0,0,63.2,69.6,70.8,67.8
0.0,6,65.3,70.3,70.8,67.8
0.0,6,65.3,70.5,70.8,67.8
0.0,2,65.3,69.4,70.8,67.8
0.0,0,65.3,69.3,70.8,67.8
0.0,5,65.3,70.2,70.8,67.8
0.0,0,65.3,69.5,70.8,67.8
0.0,0,65.3,69.6,70.8,67.8
0.0,0,65.3,69.3,70.8,67.8
0.0,0,65.3,69.7,70.8,67.8
0.0,0,65.3,69.1,70.8,67.8
22.6087,25,59.6,70.5,70.8,67.8
22.6087,25,58.0,70.6,70.8,67.8
0.0,0,60.3,69.8,70.8,67.8
0.0,8,60.3,70.5,70.8,67.8
0.0,5,63.2,70.1,70.8,67.8
0.0,4,61.9,70.2,70.8,67.8
0.0,4,64.4,70.4,70.8,67.8
0.0,2,64.4,70.4,70.8,67.8
0.0,0,64.4,70.5,70.8,67.8
0.0,0,64.4,70.3,70.8,67.8
0.0,0,64.4,70.3,70.8,67.8
0.0,0,65.3,70.3,70.8,67.8
0.0,0,65.3,70.2,70.8,67.8
0.0,0,65.3,70.1,70.8,67.8
0.0,0,65.3,70.2,70.8,67.8
0.0,0,65.3,70.0,70.8,67.8
0.0,0,65.3,70.0,70.8,67.8
0.0,0,65.3,70.1,70.8,67.8
0.0,0,65.3,70.1,70.8,67.8
0.0,0,65.3,70.0,70.8,67.8
0.0,0,65.3,70.0,70.8,67.8
0.0,0,65.3,70.0,70.8,67.8
0.0,0,65.3,70.0,70.8,67.8
0.0,0,65.3,70.0,70.8,67.8
0.0,0,65.3,70.0,70.8,67.8
0.0,0,65.3,70.0,70.8,67.8
0.0,0,65.3,70.0,70.8,67.8
0.0,0,65.3,70.0,70.8,67.8
0.0,0,65.3,70.0,70.8,67.8
0.0,0,65.3,70.0,70.8,67.8
0.0,0,65.3,69.9,70.8,67.8
0.0,0,65.3,69.9,70.8,67.8
0.0,0,65.3,69.9,70.8,67.8
0.0,0,65.3,69.9,70.8,67.8
0.0,0,65.3,69.8,70.8,67.8
0.0,0,65.3,69.8,70.8,67.8
0.0,0,65.3,69.8,70.8,67.8
0.0,0,65.3,69.8,70.8,67.8
0.0,0,65.3,69.8,70.8,67.8
0.0,0,65.3,69.7,70.8,67.8
0.0,0,65.3,69.7,70.8,67.8
0.0,0,65.3,69.7,70.8,67.8
0.0,0,65.3,69.7,70.8,67.8
0.0,0,65.3,69.6,70.8,67.8
0.0,0,65.3,69.6,70.8,67.8
0.0,0,65.3,69.5,70.8,67.8
0.0,0,65.3,69.5,70.8,67.8
0.0,0,65.3,69.4,70.8,67.8
0.0,0,65.3,69.3,70.8,67.8
0.0,0,65.3,69.3,70.8,67.8
0.0,0,65.3,69.2,70.8,67.8
0.0,0,65.3,69.2,70.8,67.8
0.0,0,65.3,69.2,70.8,67.8
0.0,0,65.3,69.1,70.8,67.8
0.0,0,65.3,69.1,70.8,67.8
0.0,0,65.3,69.1,70.8,67.8
0.0,0,65.3,69.0,70.8,67.8
0.0,0,65.3,68.9,70.8,67.8
0.0,0,65.3,68.9,70.8,67.8
0.0,0,64.1,68.9,70.8,67.8
0.0,0,64.1,68.9,70.8,67.8
0.0,0,64.1,68.9,70.8,67.8
0.0,0,64.1,68.8,70.8,67.8
0.0,0,64.1,68.8,70.8,67.8
0.0,0,64.1,68.8,70.8,67.8
0.0,0,64.1,68.8,70.8,67.8
0.0,0,64.1,68.8,70.8,67.8
0.0,0,64.1,68.8,70.8,67.8
0.0,0,64.1,68.8,70.8,67.8
0.0,1,64.1,68.8,70.8,67.8
0.0,0,64.1,68.9,70.8,67.8
0.0,0,64.1,68.9,70.8,67.8
0.0,0,64.1,68.9,70.8,67.8
0.0,0,64.1,69.0,70.8,67.8
0.0,0,64.1,69.1,70.8,67.8
0.0,0,64.1,69.1,70.8,67.8
0.0,0,64.1,69.2,70.8,67.8
0.0,0,64.1,69.2,70.8,67.8
0.0,0,64.1,69.2,70.8,67.8
0.0,0,64.1,69.2,70.8,67.8
0.0,1,64.1,69.2,70.5,67.5
0.0,0,64.1,69.2,70.4,67.4
0.0,0,64.1,69.3,70.4,67.4
0.0,0,64.1,69.3,70.4,67.4
0.0,0,64.1,69.3,70.4,67.4
0.0,0,64.1,69.3,70.4,67.4
0.0,0,64.1,69.3,70.4,67.4
0.0,0,64.8,69.4,70.4,67.4
0.0,0,64.8,69.4,70.4,67.4
0.0,0,64.8,69.5,70.4,67.4
0.0,0,64.8,69.5,70.4,67.4
0.0,0,64.8,69.6,70.4,67.4
0.0,0,64.8,69.6,70.4,67.4
0.0,0,64.8,69.6,70.4,67.4
0.0,0,64.8,69.6,70.4,67.4
0.0,0,64.8,69.6,70.4,67.4
0.0,0,64.8,69.6,70.4,67.4
0.0,0,65.8,69.7,70.4,67.4
0.0,0,65.8,69.7,70.4,67.4
0.0,0,65.8,69.7,70.4,67.4
0.0,0,65.8,69.7,70.4,67.4
0.0,0,65.8,69.7,70.4,67.4
0.0,0,65.8,69.8,70.4,67.4
0.0,0,65.8,69.8,70.4,67.4
0.0,0,65.8,69.7,70.4,67.4
0.0,0,64.9,69.8,70.4,67.4
0.0,0,64.9,69.7,70.4,67.4
0.0,0,64.9,69.8,70.4,67.4
0.0,0,65.8,69.7,70.4,67.4
0.0,0,65.8,69.7,70.4,67.4
0.0,0,65.8,69.6,70.4,67.4
0.0,0,62.8,69.3,70.8,67.8
0.0,0,64.4,69.4,70.8,67.8
0.0,0,64.4,69.4,70.8,67.8
0.0,0,65.2,69.5,70.8,67.8
0.0,0,63.6,69.4,70.9,67.9
0.0,0,64.7,69.4,70.9,67.9
0.0,0,64.7,69.4,70.9,67.9
0.0,0,64.7,69.4,70.9,67.9
0.0,0,64.7,69.4,70.9,67.9
0.0,0,64.7,69.4,70.9,67.9
0.0,0,64.7,69.5,70.9,67.9
0.0,0,64.7,69.3,70.8,67.8
0.0,0,64.7,69.3,70.8,67.8
0.0,0,64.7,69.3,70.8,67.8
0.0,0,64.7,69.4,70.8,67.8
0.0,0,64.7,69.3,70.8,67.8
0.0,0,64.7,69.3,70.8,67.8
0.0,0,64.7,69.3,70.8,67.8
0.0,0,64.7,69.3,70.8,67.8
0.0,0,64.7,69.2,70.8,67.8
0.0,0,64.7,69.3,70.8,67.8
0.0,0,64.7,69.3,70.8,67.8
0.0,0,64.0,69.2,70.8,67.8
0.0,0,59.5,69.1,70.8,67.8
0.0,0,63.2,69.1,70.8,67.8
0.0,0,64.4,69.2,70.8,67.8
0.0,0,64.4,69.2,70.8,67.8
0.0,0,64.4,69.2,70.8,67.8
0.0,0,64.4,69.2,70.8,67.8
0.0,0,64.4,69.2,70.8,67.8
0.0,0,64.4,69.1,70.8,67.8
0.0,0,64.4,69.2,70.8,67.8
0.0,0,64.4,69.2,70.8,67.8
0.0,0,64.4,69.1,70.8,67.8
0.0,0,64.4,69.1,70.9,67.9
0.0,0,64.4,69.2,70.9,67.9
0.0,0,64.4,69.1,70.9,67.9
0.0,0,64.4,69.1,70.9,67.9
0.0,0,64.4,69.1,70.9,67.9
0.0,0,64.4,69.1,70.9,67.9
0.0,0,64.4,69.0,70.9,67.9
0.0,0,64.4,68.9,70.9,67.9
0.0,0,64.4,69.0,70.9,67.9
0.0,0,64.4,69.1,70.9,67.9
0.0,0,64.4,69.0,70.9,67.9
0.0,0,64.4,68.9,70.9,67.9
0.0,0,64.4,69.0,70.9,67.9
0.0,0,64.4,68.9,70.9,67.9
0.0,0,64.4,68.9,70.9,67.9
0.0,0,64.4,68.9,70.9,67.9
0.0,0,63.6,68.8,70.9,67.9
0.0,0,63.6,68.8,70.9,67.9
0.0,0,63.6,68.7,70.9,67.9
0.0,0,63.6,68.7,70.9,67.9
0.0,0,63.6,68.7,70.9,67.9
0.0,0,63.6,68.6,70.9,67.9
0.0,0,63.6,68.6,70.9,67.9
0.0,0,63.6,68.6,70.9,67.9
0.0,0,63.6,68.6,70.9,67.9
0.0,0,63.6,68.6,70.8,67.8
0.0,0,63.6,68.6,70.8,67.8
0.0,0,63.6,68.6,70.8,67.8
0.0,0,62.4,68.5,70.8,67.8
0.0,0,63.2,68.6,70.8,67.8
0.0,0,63.2,68.6,70.8,67.8
0.0,0,63.2,68.6,70.9,67.9
0.0,0,63.2,68.6,70.9,67.9
0.0,0,63.2,68.7,70.9,67.9
0.0,0,63.2,68.7,70.9,67.9
0.0,0,63.2,68.7,70.9,67.9
0.0,0,63.2,68.8,70.9,67.9
0.0,0,63.2,68.8,70.9,67.9
0.0,0,63.2,68.9,70.9,67.9
0.0,0,63.2,68.8,70.9,67.9
0.0,0,63.2,68.9,70.9,67.9
0.0,0,63.2,68.8,70.9,67.9
0.0,0,63.2,68.9,70.9,67.9
0.0,0,64.0,68.8,70.9,67.9
0.0,0,64.0,68.8,70.9,67.9
0.0,0,64.0,68.9,70.9,67.9
0.0,0,64.0,68.8,70.9,67.9
0.0,0,64.0,68.8,70.9,67.9
0.0,0,64.0,68.8,70.4,67.4
0.0,0,64.0,68.8,70.4,67.4
0.0,0,64.0,68.8,70.4,67.4
0.0,0,62.0,68.8,70.4,67.4
0.0,0,63.6,68.7,70.8,67.8
0.0,0,63.6,68.8,70.8,67.8
0.0,0,63.6,68.8,70.8,67.8
0.0,4,63.6,68.8,70.4,67.4
0.0,0,64.4,68.9,70.4,67.4
0.0,0,64.4,68.8,70.4,67.4
0.0,0,63.2,68.7,71.1,68.1
0.0,0,64.0,68.7,71.3,68.3
0.0,0,64.0,68.4,71.3,68.3
0.0,0,64.0,68.4,71.3,68.3
0.0,0,64.0,68.3,71.3,68.3
0.0,0,64.0,68.3,71.3,68.3
0.0,0,64.0,68.3,71.3,68.3
0.0,0,64.0,68.2,71.3,68.3
0.0,0,64.0,68.2,71.3,68.3
0.0,2,64.0,68.2,70.9,67.9
0.0,0,64.0,68.1,70.8,67.8
0.0,0,64.0,68.2,71.1,68.1
0.0,0,64.0,68.2,70.9,67.9
0.0,0,64.0,68.1,70.8,67.8
0.0,0,64.0,68.1,70.8,67.8
0.0,0,64.0,68.1,70.8,67.8
0.0,0,64.0,68.0,70.8,67.8
0.0,0,64.0,68.0,70.8,67.8
0.0,0,64.0,68.0,70.8,67.8
0.0,0,64.0,68.0,70.8,67.8
0.0,0,64.0,68.0,70.8,67.8
0.0,0,64.0,68.0,70.8,67.8
0.0,0,64.0,68.1,70.8,67.8
0.0,0,64.0,67.9,70.8,67.8
0.0,14,63.3,68.0,70.8,67.8
0.0,0,63.3,68.0,70.8,67.8
0.0,0,63.3,68.1,70.8,67.8
0.0,0,64.0,67.9,70.4,67.4
0.0,0,62.2,67.9,70.8,67.8
0.0,0,63.2,67.9,70.8,67.8
0.0,0,63.2,67.9,70.8,67.8
0.0,0,61.6,67.8,70.8,67.8
0.0,0,62.8,67.9,70.8,67.8
0.0,0,63.6,67.9,71.0,68.0
26.5217,24,61.2,67.8,70.3,67.3
0.0,0,63.2,67.8,70.6,67.6
0.0,0,63.2,67.8,70.5,67.5
0.0,0,63.2,67.8,70.8,67.8
0.0,0,63.2,67.8,70.8,67.8
0.0,0,63.2,67.8,70.8,67.8
0.0,0,63.2,67.8,70.8,67.8
0.0,0,63.2,67.8,70.8,67.8
0.0,0,63.2,67.8,70.9,67.9
0.0,0,63.2,67.8,70.9,67.9
0.0,0,63.2,67.8,70.9,67.9
0.0,0,61.9,67.7,71.2,68.2
0.0,0,63.2,67.7,70.9,67.9
0.0,0,63.2,67.7,70.8,67.8
0.0,0,63.2,67.7,70.8,67.8
0.0,0,62.4,67.7,70.7,67.7
0.0,0,62.4,67.7,70.4,67.4
0.0,0,62.4,67.7,70.8,67.8
24.1304,26,61.6,67.7,69.6,66.6
0.0,0,61.6,67.7,70.9,67.9
0.0,0,62.8,67.8,70.9,67.9
0.0,0,62.8,67.8,70.9,67.9
0.0,0,62.8,67.8,70.9,67.9
0.0,0,62.8,67.8,71.3,68.3
0.0,0,62.8,67.5,71.3,68.3
0.0,0,62.8,67.9,71.3,68.3
0.0,0,62.8,68.2,71.3,68.3
0.0,0,62.8,68.6,71.3,68.3
0.0,0,62.8,68.3,71.3,68.3
0.0,0,62.8,68.2,71.3,68.3
0.0,0,62.8,68.1,71.3,68.3
0.0,0,62.8,68.4,71.3,68.3
0.0,0,62.8,68.9,71.3,68.3
0.0,0,63.6,68.9,71.3,68.3
0.0,0,63.6,67.9,71.3,68.3
0.0,0,63.6,68.3,71.3,68.3
0.0,0,63.6,67.9,71.3,68.3
0.0,0,63.6,68.9,71.3,68.3
0.0,0,63.6,68.9,71.3,68.3
0.0,0,63.6,68.9,71.3,68.3
0.0,0,63.6,68.8,71.3,68.3
0.0,0,63.6,68.8,71.3,68.3
0.0,0,63.6,68.7,71.3,68.3
0.0,0,63.6,68.2,71.3,68.3
0.0,0,63.6,67.6,71.3,68.3
0.0,0,63.6,68.4,71.3,68.3
0.0,0,63.6,68.4,71.3,68.3
0.0,0,63.6,68.5,71.3,68.3
0.0,0,63.6,68.2,71.3,68.3
0.0,0,63.6,69.2,71.1,68.1
0.0,0,63.6,69.5,70.8,67.8
0.0,8,63.6,68.7,70.8,67.8
0.0,0,63.6,68.8,70.8,67.8
0.0,0,63.6,68.7,70.8,67.8
0.0,0,64.4,67.9,70.8,67.8
0.0,0,64.4,67.4,70.9,67.9
0.0,0,64.4,67.9,70.9,67.9
0.0,0,64.4,68.0,70.9,67.9
0.0,0,64.4,68.1,70.9,67.9
0.0,0,64.4,68.0,70.9,67.9
0.0,0,64.4,68.0,70.9,67.9
0.0,0,64.4,67.9,70.9,67.9
0.0,0,64.4,67.9,70.9,67.9
0.0,0,64.4,68.0,70.9,67.9
0.0,0,64.4,67.9,70.9,67.9
0.0,0,64.4,67.9,70.9,67.9
0.0,0,64.4,67.9,70.9,67.9
0.0,0,64.4,67.9,70.9,67.9
0.0,0,64.4,67.9,70.9,67.9
0.0,0,64.4,67.9,70.9,67.9
0.0,0,64.4,67.9,70.9,67.9
0.0,0,64.4,67.9,70.9,67.9
0.0,0,64.4,67.9,70.9,67.9
0.0,0,64.4,67.9,70.9,67.9
0.0,0,64.4,67.9,70.9,67.9
0.0,0,64.4,67.9,70.9,67.9
0.0,0,64.4,67.9,70.9,67.9
0.0,0,64.4,67.9,70.9,67.9
0.0,0,64.4,67.9,70.9,67.9
0.0,0,64.4,67.9,70.9,67.9
0.0,0,64.4,67.9,70.9,67.9
0.0,0,64.4,67.9,70.9,67.9
0.0,0,64.4,67.9,70.9,67.9
33.4783,30,64.4,67.8,69.7,66.7
0.0,0,63.6,67.8,70.8,67.8
0.0,0,63.6,67.8,71.3,68.3
0.0,0,63.6,67.9,71.1,68.1
0.0,0,63.6,67.9,71.2,68.2
0.0,0,63.6,67.8,70.8,67.8
0.0,0,63.6,67.8,71.3,68.3
0.0,0,63.6,67.8,70.9,67.9
0.0,0,63.6,67.8,71.3,68.3
0.0,0,63.6,67.7,71.3,68.3
0.0,0,63.6,67.7,71.3,68.3
0.0,0,63.6,67.7,71.3,68.3
0.0,0,63.6,67.7,71.0,68.0
0.0,0,63.6,67.6,71.1,68.1
0.0,0,63.6,67.6,70.9,67.9
0.0,0,63.6,67.6,70.9,67.9
0.0,0,63.6,67.5,70.9,67.9
0.0,0,63.6,67.4,71.3,68.3
0.0,0,63.6,67.4,71.3,68.3
0.0,0,63.6,67.4,71.3,68.3
0.0,0,63.6,67.4,71.3,68.3
0.0,0,63.6,67.4,71.3,68.3
0.0,0,63.6,67.3,71.3,68.3
0.0,0,63.6,67.3,71.3,68.3
0.0,0,63.6,67.3,71.3,68.3
0.0,0,63.6,67.3,71.3,68.3
0.0,0,63.6,67.3,71.3,68.3
0.0,0,63.6,67.3,71.3,68.3
0.0,0,63.6,67.4,71.3,68.3
0.0,0,63.6,67.5,71.3,68.3
0.0,0,63.6,67.5,71.3,68.3
0.0,0,63.6,66.8,71.3,68.3
0.0,1,63.6,68.5,71.3,68.3
0.0,0,63.6,69.3,71.3,68.3
0.0,0,63.6,69.5,71.3,68.3
0.0,0,63.6,69.4,71.3,68.3
0.0,0,63.6,69.7,71.3,68.3
0.0,0,63.6,70.1,71.3,68.3
0.0,0,63.6,69.9,71.3,68.3
0.0,0,63.6,70.1,71.3,68.3
0.0,0,63.6,70.6,71.3,68.3
0.0,1,64.4,70.9,71.3,68.3
0.0,3,64.4,71.3,71.3,68.3
0.0,6,65.3,71.7,71.3,68.3
0.0,6,63.6,71.4,71.3,68.3
0.0,7,63.6,71.6,71.3,68.3
25.4348,25,57.6,71.6,71.3,68.3
0.0,9,59.9,71.5,71.3,68.3
0.0,9,59.9,71.4,71.3,68.3
0.0,9,59.9,71.2,71.3,68.3
0.0,9,60.8,71.5,71.3,68.3
0.0,9,60.8,71.2,71.3,68.3
0.0,9,62.3,71.2,71.3,68.3
0.0,14,56.7,71.6,71.3,68.3
21.7391,25,57.6,71.3,71.3,68.3
19.5652,25,58.7,71.5,71.3,68.3
20.0,26,56.4,71.4,71.3,68.3
18.6957,26,58.8,71.4,71.3,68.3
0.0,9,57.4,71.0,71.3,68.3
18.2609,26,56.8,71.2,71.3,68.3
0.0,1,59.1,70.6,71.3,68.3
0.0,8,63.4,71.4,71.3,68.3
0.0,9,64.8,71.6,71.3,68.3
25.2174,27,59.5,71.2,71.3,68.3
0.0,4,61.1,70.8,71.3,68.3
22.1739,25,59.8,71.7,71.3,68.3
0.0,8,62.8,71.0,71.3,68.3
0.0,7,64.8,71.0,71.3,68.3
0.0,5,65.8,70.9,71.3,68.3
0.0,3,65.8,70.9,71.3,68.3
0.0,0,65.8,70.8,71.3,68.3
0.0,0,65.8,70.7,71.3,68.3
0.0,0,65.8,70.7,71.3,68.3
0.0,0,65.8,70.7,71.3,68.3
0.0,0,65.8,70.7,71.3,68.3
0.0,0,65.8,70.5,71.3,68.3
0.0,0,65.8,70.5,71.3,68.3
0.0,0,65.8,70.5,71.3,68.3
0.0,0,65.8,70.5,71.3,68.3
0.0,0,65.8,70.3,71.3,68.3
0.0,0,65.8,70.3,71.3,68.3
0.0,0,65.8,70.3,71.3,68.3
0.0,0,65.8,70.3,71.3,68.3
0.0,0,65.8,70.2,71.3,68.3
0.0,0,65.8,70.2,71.3,68.3
0.0,0,65.8,70.3,71.3,68.3
0.0,0,65.8,70.2,71.3,68.3
0.0,0,65.8,70.2,71.3,68.3
0.0,0,65.8,70.2,71.3,68.3
0.0,0,65.8,70.2,71.3,68.3
0.0,0,65.8,70.2,71.3,68.3
0.0,0,65.8,70.1,71.3,68.3
0.0,0,65.8,70.1,71.3,68.3
0.0,0,65.8,70.1,71.3,68.3
0.0,0,65.8,70.1,71.3,68.3
0.0,0,65.8,70.1,71.3,68.3
0.0,0,65.8,70.1,71.3,68.3
0.0,0,65.8,70.1,71.3,68.3
0.0,0,65.8,70.2,71.3,68.3
0.0,0,65.8,70.0,71.3,68.3
0.0,0,65.8,70.0,71.3,68.3
0.0,0,65.8,70.0,71.3,68.3
0.0,0,65.8,70.1,71.3,68.3
0.0,0,65.8,70.0,71.3,68.3
0.0,0,65.8,70.0,71.3,68.3
0.0,0,65.8,70.0,71.3,68.3
0.0,0,65.8,70.0,71.3,68.3
0.0,0,65.8,70.0,71.3,68.3
0.0,0,65.8,70.0,71.3,68.3
0.0,1,65.8,70.0,71.3,68.3
0.0,0,65.8,70.0,71.3,68.3
0.0,0,65.8,70.0,71.3,68.3
0.0,0,65.8,70.0,71.3,68.3
0.0,0,65.8,70.0,71.3,68.3
0.0,1,65.8,70.1,71.3,68.3
0.0,0,65.8,70.1,71.3,68.3
0.0,0,65.8,70.1,71.3,68.3
0.0,0,65.8,70.0,71.3,68.3
0.0,0,65.8,70.0,71.3,68.3
0.0,0,65.8,70.0,71.3,68.3
0.0,0,65.8,70.0,71.3,68.3
0.0,0,65.8,70.0,71.3,68.3
0.0,0,65.8,70.0,71.3,68.3
0.0,0,65.8,70.0,71.3,68.3
0.0,0,65.8,70.0,71.3,68.3
0.0,0,65.8,70.0,71.3,68.3
0.0,0,65.8,70.0,71.3,68.3
0.0,0,65.8,70.0,71.3,68.3
0.0,0,65.8,70.0,71.3,68.3
0.0,0,65.8,70.0,71.3,68.3
0.0,0,65.8,70.1,71.3,68.3
0.0,0,65.8,70.3,71.3,68.3
0.0,7,65.8,71.2,71.3,68.3
0.0,9,61.2,71.4,71.3,68.3
0.0,9,61.2,71.5,71.3,68.3
0.0,7,64.4,71.5,71.3,68.3
0.0,9,59.3,71.3,71.3,68.3
0.0,9,60.7,71.2,71.3,68.3
0.0,9,60.7,71.5,71.3,68.3
0.0,8,59.9,71.0,71.3,68.3
0.0,8,62.8,71.3,71.3,68.3
23.2609,25,57.5,71.1,71.3,68.3
24.1304,26,57.5,71.0,71.3,68.3
0.0,9,59.9,71.2,71.3,68.3
21.7391,26,57.2,71.1,71.3,68.3
26.087,27,57.2,71.7,71.3,68.3
0.0,9,57.9,71.0,71.3,68.3
16.9565,23,57.9,71.0,71.3,68.3
0.0,9,59.1,71.0,71.3,68.3
0.0,9,60.8,71.1,71.3,68.3
0.0,9,64.6,71.5,71.3,68.3
0.0,9,62.9,71.4,71.3,68.3
0.0,9,62.9,71.4,71.3,68.3
0.0,9,64.8,71.4,71.3,68.3
21.3043,28,58.8,71.3,71.3,68.3
0.0,6,62.8,71.0,71.3,68.3
0.0,8,64.8,71.6,71.3,68.3
0.0,0,63.6,69.6,71.3,68.3
0.0,0,64.4,68.1,71.3,68.3
32.3913,29,57.5,70.3,71.3,68.3
24.1304,26,57.5,70.7,71.3,68.3
0.0,9,57.5,70.8,71.3,68.3
24.1304,27,57.5,71.1,71.3,68.3
0.0,7,61.1,70.9,71.3,68.3
0.0,9,64.4,71.6,71.3,68.3
0.0,8,62.4,71.2,71.3,68.3
0.0,8,63.6,71.2,71.3,68.3
0.0,8,64.4,71.3,71.3,68.3
0.0,8,64.4,71.3,71.3,68.3
0.0,8,64.4,71.2,71.3,68.3
0.0,8,64.4,71.3,71.3,68.3
0.0,8,64.4,71.3,71.3,68.3
0.0,8,65.3,71.3,71.3,68.3
0.0,8,65.3,71.3,71.3,68.3
0.0,8,65.3,71.3,71.3,68.3
0.0,8,65.3,71.3,71.3,68.3
0.0,8,65.3,71.3,71.3,68.3
0.0,8,65.3,71.2,71.3,68.3
0.0,8,65.3,71.2,71.3,68.3
0.0,8,65.3,71.2,71.3,68.3
0.0,8,65.3,71.2,71.3,68.3
0.0,8,65.3,71.2,71.3,68.3
0.0,8,65.3,71.2,71.3,68.3
0.0,8,65.3,71.2,71.3,68.3
0.0,8,65.3,71.2,71.3,68.3
0.0,8,65.3,71.1,71.3,68.3
0.0,8,65.3,71.1,71.3,68.3
0.0,8,65.3,71.1,71.3,68.3
0.0,7,65.3,71.0,71.3,68.3
0.0,8,65.3,71.1,71.3,68.3
0.0,8,65.3,71.1,71.3,68.3
0.0,8,65.3,71.1,71.3,68.3
0.0,8,65.3,71.1,71.3,68.3
0.0,7,65.3,71.0,71.3,68.3
0.0,7,65.3,71.0,71.3,68.3
0.0,7,65.3,71.0,71.3,68.3
0.0,5,66.3,71.0,71.3,68.3
0.0,4,66.3,71.0,71.3,68.3
0.0,4,66.3,71.0,71.3,68.3
0.0,3,66.3,71.0,71.3,68.3
0.0,4,66.3,71.1,71.3,68.3
0.0,3,66.3,71.0,71.3,68.3
0.0,3,67.2,71.0,71.3,68.3
0.0,3,67.2,71.0,71.3,68.3
0.0,3,67.2,71.0,71.3,68.3
0.0,1,67.2,71.0,71.3,68.3
0.0,0,66.1,71.0,71.3,68.3
0.0,0,66.1,71.0,71.3,68.3
0.0,0,66.1,71.0,71.3,68.3
0.0,0,66.1,71.0,71.3,68.3
0.0,0,66.1,71.0,71.3,68.3
0.0,0,66.1,71.0,71.3,68.3
0.0,0,66.1,71.0,71.3,68.3
0.0,0,66.1,70.9,71.3,68.3
0.0,0,66.1,70.9,71.3,68.3
0.0,0,66.1,70.9,71.3,68.3
0.0,0,66.1,70.8,71.3,68.3
0.0,0,66.1,70.8,71.3,68.3
0.0,0,66.1,70.8,71.3,68.3
0.0,0,66.1,70.9,71.3,68.3
0.0,1,65.3,71.0,71.3,68.3
0.0,0,65.3,70.9,71.3,68.3
0.0,0,65.3,70.9,71.3,68.3
0.0,0,65.3,70.9,71.3,68.3
0.0,0,65.3,70.9,71.3,68.3
0.0,0,65.3,70.9,71.3,68.3
0.0,0,65.3,70.8,71.3,68.3
0.0,2,65.3,71.4,71.3,68.3
0.0,0,65.3,70.8,71.3,68.3
0.0,4,65.3,71.1,71.3,68.3
0.0,1,65.3,70.1,71.3,68.3
0.0,8,59.5,70.9,71.3,68.3
0.0,9,59.5,71.0,71.3,68.3
18.2609,24,58.8,71.1,71.3,68.3
0.0,7,61.9,71.1,71.3,68.3
0.0,8,64.0,71.4,71.3,68.3
0.0,9,65.3,71.6,71.3,68.3
0.0,9,59.5,71.0,71.3,68.3
0.0,8,60.7,71.1,71.3,68.3
0.0,9,64.0,71.2,71.3,68.3
0.0,9,64.0,71.2,71.3,68.3
0.0,8,64.8,71.0,71.3,68.3
0.0,3,64.8,70.7,71.3,68.3
0.0,4,64.8,71.0,71.3,68.3
0.0,4,65.8,71.0,71.3,68.3
0.0,3,64.9,71.0,71.3,68.3
0.0,1,64.9,70.9,71.3,68.3
0.0,0,64.9,71.0,71.3,68.3
0.0,0,64.9,70.9,71.3,68.3
0.0,0,64.9,69.8,71.3,68.3
0.0,9,64.9,69.6,71.3,68.3
24.7826,25,57.2,70.3,71.3,68.3
25.4348,26,57.2,70.8,71.3,68.3
0.0,8,58.7,70.9,71.3,68.3
0.0,0,60.3,69.7,71.3,68.3
0.0,6,63.2,69.9,71.3,68.3
0.0,0,64.4,69.8,71.3,68.3
0.0,0,64.4,68.7,71.3,68.3
0.0,0,64.4,69.1,71.3,68.3
0.0,2,64.4,69.7,71.3,68.3
23.2609,25,64.4,71.1,71.3,68.3
0.0,8,58.8,70.9,71.3,68.3
0.0,8,62.8,71.1,71.3,68.3
0.0,7,64.0,71.0,71.3,68.3
0.0,2,65.3,70.8,71.3,68.3
0.0,0,65.3,70.8,71.3,68.3
0.0,0,65.3,70.8,71.3,68.3
0.0,0,65.3,70.8,71.3,68.3
0.0,0,65.3,70.7,71.3,68.3
0.0,0,65.3,70.7,71.3,68.3
0.0,0,65.3,70.6,71.3,68.3
0.0,0,65.3,70.6,71.3,68.3
0.0,0,65.3,70.6,71.3,68.3
0.0,0,65.3,70.5,71.3,68.3
0.0,0,65.3,70.5,71.3,68.3
0.0,0,65.3,70.5,71.3,68.3
0.0,0,65.3,70.5,71.3,68.3
0.0,0,65.3,70.5,71.3,68.3
0.0,0,65.3,70.5,71.3,68.3
0.0,0,65.3,70.5,71.3,68.3
0.0,0,65.3,70.5,71.3,68.3
0.0,0,65.3,70.5,71.3,68.3
0.0,0,65.3,70.5,71.3,68.3
0.0,0,65.3,70.5,71.3,68.3
0.0,0,65.3,70.5,71.3,68.3
0.0,0,65.3,70.4,71.3,68.3
0.0,0,65.3,70.5,71.3,68.3
0.0,0,65.3,70.4,71.3,68.3
0.0,0,65.3,70.4,71.3,68.3
0.0,0,65.3,70.4,71.3,68.3
0.0,0,65.3,70.3,71.3,68.3
0.0,0,65.3,70.3,71.3,68.3
0.0,0,65.3,70.2,71.3,68.3
0.0,0,65.3,70.2,71.3,68.3
0.0,0,64.5,70.1,71.3,68.3
0.0,0,64.5,70.0,71.3,68.3
0.0,0,64.5,69.9,71.3,68.3
0.0,0,64.5,69.9,71.3,68.3
0.0,0,64.5,69.9,71.3,68.3
0.0,0,64.5,69.8,71.3,68.3
0.0,0,64.5,69.8,71.3,68.3
0.0,0,64.5,69.7,71.3,68.3
0.0,0,64.5,69.7,71.3,68.3
0.0,0,64.5,69.6,71.3,68.3
0.0,0,64.5,69.6,71.3,68.3
0.0,0,64.5,69.6,71.3,68.3
0.0,0,64.5,69.5,71.3,68.3
0.0,0,64.5,69.4,71.3,68.3
0.0,0,64.5,69.3,71.3,68.3
0.0,0,64.5,69.6,71.3,68.3
0.0,0,64.5,69.8,71.3,68.3
0.0,0,64.5,69.9,71.3,68.3
0.0,0,64.5,69.6,71.3,68.3
0.0,0,64.5,69.4,71.3,68.3
0.0,0,63.6,69.4,71.3,68.3
0.0,0,63.6,69.4,71.3,68.3
0.0,0,63.6,69.4,71.3,68.3
0.0,0,63.6,69.4,71.3,68.3
0.0,0,63.6,69.5,71.3,68.3
0.0,0,63.6,69.4,71.3,68.3
0.0,0,63.6,69.4,71.3,68.3
0.0,0,63.6,69.4,71.3,68.3
0.0,0,63.6,69.8,71.3,68.3
0.0,0,63.6,69.7,71.3,68.3
0.0,0,63.6,69.8,71.3,68.3
0.0,0,63.6,69.8,71.3,68.3
0.0,0,64.3,69.8,71.3,68.3
0.0,0,64.3,70.0,71.3,68.3
0.0,0,64.3,70.3,71.3,68.3
0.0,0,64.3,70.4,71.3,68.3
0.0,0,64.3,70.3,71.3,68.3
0.0,2,64.3,70.7,71.3,68.3
0.0,6,64.3,71.2,71.3,68.3
0.0,6,64.3,71.3,71.3,68.3
0.0,7,64.3,71.6,71.3,68.3
0.0,7,64.3,71.2,71.3,68.3
0.0,4,64.3,70.8,71.3,68.3
0.0,5,64.3,71.6,71.3,68.3
0.0,5,65.3,71.4,71.3,68.3
0.0,5,65.3,71.3,71.3,68.3
0.0,5,65.3,71.3,71.3,68.3
0.0,5,65.3,71.3,71.3,68.3
0.0,8,65.3,71.7,71.3,68.3
0.0,9,57.6,71.4,71.3,68.3
0.0,9,59.1,71.5,71.3,68.3
13.913,24,59.1,71.6,71.3,68.3
0.0,9,60.0,71.4,71.3,68.3
21.7391,25,57.2,71.4,71.3,68.3
0.0,23,58.3,71.1,71.3,68.3
18.2609,25,58.3,71.4,71.3,68.3
0.0,9,58.3,71.0,71.3,68.3
15.6522,25,59.2,71.0,71.3,68.3
20.0,27,59.2,71.1,71.3,68.3
18.2609,26,59.2,71.1,71.3,68.3
17.6087,26,59.2,71.1,71.3,68.3
20.0,27,58.0,71.2,71.3,68.3
0.0,9,58.0,71.0,71.3,68.3
0.0,9,60.1,71.0,71.3,68.3
0.0,9,60.1,71.0,71.3,68.3
0.0,8,62.4,71.0,71.3,68.3
0.0,3,64.0,70.8,71.3,68.3
0.0,0,64.0,70.8,71.3,68.3
0.0,0,64.0,70.7,71.3,68.3
0.0,0,64.0,70.6,71.3,68.3
0.0,0,64.0,70.5,71.3,68.3
0.0,0,64.0,70.3,71.3,68.3
0.0,0,64.0,70.3,71.3,68.3
0.0,0,64.0,70.2,71.3,68.3
0.0,0,64.0,70.2,71.3,68.3
0.0,0,64.0,70.1,71.3,68.3
0.0,0,64.0,70.0,71.3,68.3
0.0,0,64.0,70.0,71.3,68.3
0.0,0,64.0,69.9,71.3,68.3
0.0,0,64.0,69.8,71.3,68.3
0.0,0,64.0,69.8,71.3,68.3
0.0,0,64.0,69.7,71.3,68.3
0.0,0,64.0,69.7,71.3,68.3
0.0,0,64.0,69.6,71.3,68.3
0.0,0,64.0,69.6,71.3,68.3
0.0,0,64.0,69.6,71.3,68.3
0.0,0,64.0,69.4,71.3,68.3
0.0,0,64.0,69.4,71.3,68.3
0.0,0,64.0,69.4,71.3,68.3
0.0,0,64.0,69.3,71.3,68.3
0.0,0,64.0,69.3,71.3,68.3
0.0,0,64.0,69.2,71.3,68.3
0.0,0,64.0,69.1,71.3,68.3
0.0,0,64.0,69.1,71.3,68.3
0.0,0,64.0,69.2,71.3,68.3
0.0,0,64.0,69.1,71.3,68.3
0.0,0,64.0,69.1,71.3,68.3
0.0,0,64.0,69.1,71.3,68.3
0.0,0,64.0,69.0,71.3,68.3
0.0,0,64.0,69.0,71.3,68.3
0.0,0,64.0,69.0,71.3,68.3
0.0,0,64.0,68.9,71.3,68.3
0.0,0,64.0,68.9,71.3,68.3
0.0,0,64.0,68.9,71.3,68.3
0.0,0,64.0,68.9,71.3,68.3
0.0,0,64.0,68.9,71.3,68.3
0.0,0,64.0,68.9,71.3,68.3
0.0,0,64.0,68.9,71.3,68.3
0.0,0,64.0,68.9,71.3,68.3
0.0,0,64.0,68.9,71.3,68.3
0.0,0,64.0,68.8,71.3,68.3
0.0,0,64.0,68.8,71.3,68.3
0.0,0,64.0,68.8,71.3,68.3
0.0,0,64.0,68.7,71.3,68.3
0.0,0,64.0,68.7,71.3,68.3
0.0,0,64.0,68.6,71.3,68.3
0.0,0,64.0,68.6,71.3,68.3
0.0,0,64.0,68.6,71.3,68.3
0.0,0,64.0,68.6,70.9,67.9
0.0,0,63.3,68.6,70.8,67.8
0.0,0,63.3,68.7,70.8,67.8
33.0435,29,60.6,68.4,68.7,65.7
0.0,0,60.6,68.2,70.9,67.9
0.0,0,61.9,68.3,71.0,68.0
0.0,0,61.9,68.4,70.9,67.9
0.0,0,62.8,68.3,71.3,68.3
0.0,0,62.8,68.3,71.3,68.3
0.0,0,61.5,68.1,71.3,68.3
0.0,0,62.3,68.0,71.3,68.3
0.0,0,62.3,68.0,71.3,68.3
0.0,0,62.3,67.9,71.2,68.2
0.0,0,61.6,67.9,71.3,68.3
0.0,0,62.4,67.8,71.3,68.3
0.0,0,62.4,67.8,71.3,68.3
0.0,0,62.4,67.8,71.3,68.3
0.0,0,62.4,67.7,71.3,68.3
0.0,0,62.4,67.7,71.3,68.3
0.0,0,62.4,67.7,71.3,68.3
0.0,0,62.4,67.7,71.3,68.3
0.0,0,62.4,67.7,71.3,68.3
0.0,0,62.4,67.7,71.3,68.3
0.0,0,62.4,67.7,71.3,68.3
0.0,0,62.4,67.7,71.3,68.3
0.0,0,62.4,67.8,71.3,68.3
0.0,0,62.4,67.8,71.3,68.3
0.0,0,62.4,67.8,71.3,68.3
0.0,0,62.4,67.8,71.3,68.3
0.0,0,62.4,67.9,71.3,68.3
0.0,0,62.4,68.0,71.3,68.3
0.0,0,63.2,68.2,71.3,68.3
0.0,0,63.2,68.2,71.3,68.3
0.0,0,61.9,68.2,70.6,67.6
0.0,0,62.8,68.4,71.3,68.3
0.0,0,62.8,68.4,71.3,68.3
0.0,0,62.8,68.5,71.3,68.3
0.0,0,63.6,68.5,71.3,68.3
0.0,0,63.6,68.6,71.3,68.3
0.0,0,63.6,68.6,71.3,68.3
0.0,0,63.6,68.7,70.9,67.9
0.0,0,63.6,68.6,71.3,68.3
0.0,0,63.6,68.7,71.3,68.3
0.0,0,63.6,68.7,71.3,68.3
0.0,0,63.6,68.8,71.3,68.3
0.0,0,63.6,68.8,71.3,68.3
0.0,0,63.6,68.9,71.3,68.3
0.0,0,64.4,68.9,70.9,67.9
0.0,0,64.4,68.9,70.8,67.8
0.0,0,64.4,69.0,70.8,67.8
0.0,0,64.4,68.9,70.9,67.9
0.0,0,64.4,68.9,70.9,67.9
0.0,0,64.4,68.9,70.9,67.9
0.0,0,64.4,68.9,70.8,67.8
0.0,0,64.4,69.0,70.9,67.9
0.0,0,64.4,69.1,70.9,67.9
0.0,0,64.4,69.1,70.9,67.9
0.0,0,63.2,69.0,70.9,67.9
0.0,0,63.2,68.9,70.8,67.8
0.0,3,64.0,68.9,70.4,67.4
0.0,0,64.0,68.9,70.8,67.8
0.0,0,61.1,68.7,70.9,67.9
0.0,0,63.6,68.7,70.9,67.9
0.0,0,64.4,68.8,71.3,68.3
0.0,0,64.4,68.8,71.3,68.3
0.0,0,64.4,68.7,71.3,68.3
0.0,0,64.4,68.7,70.8,67.8
0.0,0,64.4,68.6,70.8,67.8
11.3043,22,64.4,68.6,70.5,67.5
0.0,0,64.4,68.5,71.3,68.3
0.0,0,64.4,68.6,71.3,68.3
0.0,0,64.4,68.6,71.3,68.3
0.0,0,64.4,68.5,71.3,68.3
0.0,0,64.4,68.5,71.3,68.3
0.0,0,64.4,68.5,71.3,68.3
0.0,0,64.4,68.4,71.3,68.3
0.0,0,64.4,68.4,71.3,68.3
0.0,0,64.4,68.5,71.3,68.3
0.0,0,64.4,68.5,71.3,68.3
0.0,0,64.4,68.4,71.3,68.3
0.0,0,64.4,68.4,71.3,68.3
0.0,0,64.4,68.4,71.3,68.3
0.0,0,64.4,68.4,71.3,68.3
0.0,0,64.4,68.4,71.3,68.3
0.0,0,64.4,68.4,71.3,68.3
0.0,0,64.4,68.4,70.9,67.9
0.0,0,64.4,68.3,70.9,67.9
0.0,6,63.6,68.3,70.4,67.4
0.0,0,64.4,68.3,70.6,67.6
0.0,0,64.4,68.3,70.8,67.8
0.0,0,64.4,68.3,70.8,67.8
0.0,0,64.4,68.2,70.8,67.8
0.0,0,64.4,68.2,70.4,67.4
0.0,0,64.4,68.2,70.8,67.8
0.0,0,64.4,68.2,70.8,67.8
0.0,0,63.6,68.3,70.8,67.8
0.0,0,63.6,68.3,70.5,67.5
0.0,0,63.6,68.4,70.8,67.8
0.0,0,63.6,68.5,70.8,67.8
0.0,0,63.6,68.6,70.8,67.8
0.0,0,63.6,68.5,70.8,67.8
0.0,0,63.6,68.5,70.8,67.8
0.0,0,63.6,68.3,70.8,67.8
0.0,0,62.4,68.1,70.8,67.8
0.0,0,62.4,68.1,70.8,67.8
0.0,0,62.4,68.1,70.8,67.8
0.0,0,59.2,67.7,70.8,67.8
0.0,0,60.8,67.8,70.9,67.9
0.0,0,61.9,67.8,71.3,68.3
0.0,0,61.9,67.9,71.2,68.2
0.0,0,61.9,67.8,70.9,67.9
0.0,7,59.2,67.6,70.0,67.0
0.0,0,61.1,67.7,71.3,68.3
0.0,0,61.9,67.9,71.3,68.3
0.0,0,61.9,67.9,71.3,68.3
0.0,0,61.9,67.9,71.3,68.3
0.0,0,61.9,67.9,71.3,68.3
0.0,0,61.9,68.0,71.3,68.3
0.0,0,62.8,68.1,71.3,68.3
0.0,0,62.8,68.1,71.3,68.3
0.0,0,62.8,68.2,71.3,68.3
0.0,0,62.8,68.2,71.3,68.3
0.0,0,62.8,68.2,71.3,68.3
0.0,0,62.8,68.2,71.3,68.3
0.0,0,62.8,68.3,71.3,68.3
0.0,0,62.8,68.3,71.3,68.3
0.0,0,62.8,68.4,71.3,68.3
0.0,0,62.8,68.4,71.3,68.3
0.0,0,62.8,68.4,71.3,68.3
0.0,0,62.8,68.5,71.3,68.3
0.0,0,63.6,68.6,71.3,68.3
0.0,0,63.6,68.6,71.3,68.3
0.0,0,63.6,68.6,71.3,68.3
0.0,0,63.6,68.6,71.3,68.3
0.0,0,63.6,68.6,71.3,68.3
0.0,0,63.6,68.7,71.3,68.3
0.0,0,63.6,68.6,71.3,68.3
0.0,0,63.6,68.7,71.3,68.3
0.0,0,63.6,68.7,71.3,68.3
0.0,0,63.6,68.8,71.3,68.3
0.0,0,63.6,68.8,71.3,68.3
0.0,0,63.6,68.9,71.3,68.3
0.0,0,64.4,68.9,71.3,68.3
0.0,0,64.4,68.9,70.9,67.9
0.0,0,64.4,69.0,70.9,67.9
0.0,0,65.3,69.1,70.9,67.9
0.0,0,65.3,69.0,70.9,67.9
0.0,0,65.3,69.0,70.9,67.9
0.0,0,65.3,69.1,70.9,67.9
0.0,0,65.3,69.1,71.3,68.3
0.0,0,65.3,69.1,71.1,68.1
0.0,0,65.3,69.1,70.9,67.9
0.0,0,64.1,69.0,71.3,68.3
0.0,0,64.8,69.1,71.3,68.3
0.0,0,64.8,69.1,71.3,68.3
0.0,0,64.8,69.1,71.3,68.3
0.0,0,64.8,69.1,71.3,68.3
0.0,0,64.8,69.1,71.3,68.3
0.0,0,64.8,69.1,71.3,68.3
0.0,0,64.8,69.1,71.3,68.3
0.0,0,64.8,69.1,71.2,68.2
0.0,0,64.8,69.1,71.1,68.1
0.0,0,61.6,68.9,70.8,67.8
0.0,0,61.6,68.9,70.5,67.5
0.0,0,63.2,68.9,71.3,68.3
0.0,0,64.1,69.0,71.3,68.3
0.0,0,64.1,69.0,71.3,68.3
0.0,0,64.1,69.1,71.3,68.3
0.0,0,64.8,69.1,71.3,68.3
0.0,0,64.8,69.1,71.3,68.3
0.0,0,64.8,69.1,71.3,68.3
0.0,0,64.8,69.1,71.3,68.3
0.0,0,64.8,69.1,71.3,68.3
0.0,0,64.8,69.1,71.3,68.3
0.0,0,64.8,69.1,71.3,68.3
0.0,0,64.8,69.1,71.3,68.3
0.0,0,64.8,69.1,71.3,68.3
0.0,0,64.8,69.1,71.3,68.3
0.0,0,64.8,69.1,71.3,68.3
0.0,0,64.8,69.2,71.3,68.3
0.0,0,64.8,69.2,71.3,68.3
0.0,0,64.8,69.2,71.3,68.3
0.0,0,64.8,69.2,71.3,68.3
0.0,0,64.8,69.2,71.3,68.3
0.0,0,64.8,69.2,71.3,68.3
0.0,0,64.8,69.2,71.3,68.3
0.0,0,64.8,69.2,71.3,68.3
0.0,0,64.8,69.3,71.3,68.3
0.0,0,64.8,69.3,71.3,68.3
0.0,0,64.8,69.3,71.3,68.3
0.0,0,64.8,69.3,71.3,68.3
0.0,0,64.0,69.4,71.3,68.3
0.0,0,64.0,69.4,71.3,68.3
0.0,0,64.0,69.5,71.3,68.3
0.0,0,64.0,69.5,71.3,68.3
0.0,0,64.0,69.4,71.3,68.3
0.0,0,64.0,69.4,71.3,68.3
0.0,0,64.0,69.3,71.3,68.3
0.0,0,64.0,69.4,71.3,68.3
0.0,0,64.0,69.3,71.3,68.3
0.0,0,64.0,69.3,71.3,68.3
0.0,0,64.0,69.3,71.3,68.3
0.0,0,64.0,70.0,71.3,68.3
0.0,0,64.0,70.4,71.3,68.3
0.0,3,64.0,70.9,71.3,68.3
0.0,5,65.3,71.6,71.3,68.3
21.7391,24,58.8,71.8,71.3,68.3
0.0,5,62.4,71.0,71.3,68.3
0.0,7,64.4,71.6,71.3,68.3
0.0,8,60.3,71.2,71.3,68.3
0.0,8,61.1,71.5,71.3,68.3
0.0,7,61.8,71.0,71.3,68.3
0.0,14,63.6,71.7,71.3,68.3
0.0,9,60.3,71.4,71.3,68.3
0.0,9,62.5,71.4,71.3,68.3
0.0,9,64.0,71.4,71.3,68.3
0.0,9,64.0,71.4,71.3,68.3
0.0,9,64.9,71.5,71.3,68.3
0.0,9,60.7,71.3,71.3,68.3
0.0,9,61.9,71.4,71.3,68.3
0.0,9,61.9,71.5,71.3,68.3
0.0,9,60.7,71.3,71.3,68.3
26.087,27,57.6,71.7,71.3,68.3
26.5217,27,57.6,71.2,71.1,68.1
0.0,0,60.7,70.2,71.1,68.1
0.0,7,63.6,70.9,71.0,68.0
0.0,3,64.4,70.0,70.9,67.9
0.0,8,58.7,70.5,70.9,67.9
0.0,1,62.8,70.2,70.9,67.9
0.0,7,62.8,70.7,70.9,67.9
0.0,9,64.5,71.2,70.9,67.9
0.0,1,64.5,69.6,70.9,67.9
22.6087,25,58.0,70.6,70.9,67.9
20.0,25,58.0,70.7,70.9,67.9
0.0,9,62.4,70.8,70.9,67.9
0.0,9,64.0,70.7,70.9,67.9
0.0,8,64.0,70.6,70.9,67.9
0.0,7,64.0,70.6,70.9,67.9
0.0,4,65.3,70.4,70.9,67.9
0.0,0,65.3,70.5,70.9,67.9
0.0,0,65.3,70.4,70.9,67.9
0.0,0,61.5,69.9,70.8,67.8
0.0,0,64.0,70.1,70.8,67.8
18.2609,25,62.7,70.0,70.4,67.4
0.0,0,61.1,69.7,70.8,67.8
0.0,0,63.6,69.9,70.8,67.8
0.0,1,64.8,70.0,70.9,67.9
0.0,0,64.8,70.0,70.9,67.9
0.0,0,64.8,70.0,70.9,67.9
0.0,0,65.8,70.0,70.9,67.9
0.0,0,65.8,70.0,70.9,67.9
0.0,0,65.8,70.1,70.9,67.9
0.0,0,65.8,70.2,71.1,68.1
0.0,1,65.8,70.1,71.0,68.0
0.0,0,65.8,70.1,70.9,67.9
0.0,0,65.8,70.1,70.9,67.9
0.0,0,65.8,70.1,70.9,67.9
0.0,0,65.8,70.1,70.7,67.7
27.3913,25,60.4,69.8,70.4,67.4
0.0,3,63.8,69.9,70.4,67.4
0.0,7,62.0,69.9,70.8,67.8
0.0,0,64.4,69.8,70.8,67.8
0.0,0,65.2,69.9,70.8,67.8
0.0,0,65.2,70.0,70.8,67.8
0.0,13,59.9,69.7,69.2,66.2
0.0,1,63.5,69.8,71.2,68.2
0.0,0,64.8,69.9,71.3,68.3
0.0,0,64.8,69.9,71.3,68.3
0.0,0,65.8,69.9,71.3,68.3
0.0,0,65.8,69.9,71.3,68.3
0.0,0,65.8,70.0,71.3,68.3
0.0,0,65.8,70.0,71.3,68.3
0.0,0,65.8,69.9,71.3,68.3
0.0,0,65.8,69.9,71.3,68.3
0.0,0,65.8,69.9,71.3,68.3
0.0,0,65.8,70.0,71.3,68.3
0.0,0,65.8,70.0,71.3,68.3
0.0,0,65.8,69.9,71.3,68.3
0.0,0,65.8,70.0,71.3,68.3
0.0,0,65.8,70.0,71.3,68.3
0.0,0,65.8,70.0,71.3,68.3
0.0,0,65.8,70.0,71.3,68.3
0.0,0,65.8,70.0,71.3,68.3
0.0,0,65.8,70.0,71.3,68.3
0.0,0,65.8,70.0,71.3,68.3
0.0,0,65.8,70.0,71.3,68.3
0.0,0,65.8,69.9,71.3,68.3
0.0,0,64.9,70.1,71.3,68.3
0.0,0,64.9,70.0,71.3,68.3
0.0,0,64.9,70.0,71.3,68.3
0.0,0,64.9,69.9,71.3,68.3
0.0,0,64.9,70.0,71.3,68.3
0.0,0,64.9,69.8,71.3,68.3
0.0,0,64.9,69.9,71.3,68.3
0.0,0,64.9,69.3,71.3,68.3
0.0,0,64.9,69.8,71.3,68.3
0.0,4,64.9,69.8,71.3,68.3
0.0,0,64.9,69.4,71.3,68.3
0.0,7,64.9,70.3,71.3,68.3
0.0,0,64.9,69.7,71.3,68.3
0.0,0,64.9,69.8,71.3,68.3
60.6522,39,58.4,72.2,71.3,68.3
0.0,7,59.5,70.4,71.3,68.3
0.0,6,62.8,70.7,71.3,68.3
0.0,0,64.0,70.1,71.3,68.3
0.0,0,64.0,69.6,71.3,68.3
0.0,6,65.3,70.5,71.3,68.3
24.1304,25,59.5,71.1,71.3,68.3
24.1304,26,58.4,71.1,71.3,68.3
0.0,0,60.7,69.8,71.3,68.3
0.0,3,63.2,70.5,71.3,68.3
0.0,1,64.4,70.7,71.3,68.3
0.0,0,64.4,70.8,71.3,68.3
0.0,0,65.3,70.9,71.3,68.3
0.0,1,65.3,71.0,71.3,68.3
0.0,0,65.3,71.0,71.3,68.3
0.0,1,65.3,71.1,71.3,68.3
0.0,1,65.3,70.2,71.3,68.3
0.0,8,65.3,71.3,71.3,68.3
0.0,0,65.3,69.5,71.3,68.3
0.0,3,65.3,70.7,71.3,68.3
0.0,2,65.3,70.7,71.3,68.3
0.0,0,65.3,69.9,71.3,68.3
0.0,2,65.3,70.1,71.3,68.3
0.0,7,60.3,70.8,71.3,68.3
0.0,9,62.4,71.2,71.3,68.3
0.0,5,64.0,70.8,71.3,68.3
0.0,9,60.0,71.4,71.3,68.3
0.0,9,61.9,71.4,71.3,68.3
0.0,9,60.3,71.3,71.3,68.3
0.0,9,61.2,71.2,71.3,68.3
0.0,6,64.0,70.9,71.3,68.3
0.0,2,64.0,70.8,71.3,68.3
0.0,0,64.0,70.7,71.3,68.3
0.0,0,64.8,70.7,71.3,68.3
0.0,0,64.8,70.6,71.3,68.3
0.0,0,64.8,70.4,71.3,68.3
0.0,0,64.8,70.3,71.3,68.3
0.0,0,64.8,70.2,71.3,68.3
0.0,0,64.8,70.2,71.3,68.3
0.0,0,64.8,70.1,71.3,68.3
0.0,0,64.8,70.0,71.3,68.3
0.0,0,64.8,70.0,71.3,68.3
0.0,0,64.8,70.0,71.3,68.3
0.0,0,64.8,69.9,71.3,68.3
0.0,0,64.8,69.9,71.3,68.3
0.0,0,64.8,69.9,71.3,68.3
0.0,0,64.8,69.8,71.3,68.3
0.0,0,64.8,69.8,71.3,68.3
0.0,0,64.8,69.7,71.3,68.3
0.0,0,64.8,69.7,71.3,68.3
0.0,0,64.8,69.7,71.3,68.3
0.0,0,64.8,69.6,71.3,68.3
0.0,0,64.8,69.6,71.3,68.3
0.0,0,64.8,69.6,71.3,68.3
0.0,0,64.8,69.6,71.3,68.3
0.0,0,64.8,69.5,71.3,68.3
0.0,0,64.8,69.5,71.3,68.3
0.0,0,64.8,69.4,71.3,68.3
0.0,0,64.8,69.4,71.3,68.3
0.0,0,64.8,69.4,71.3,68.3
0.0,0,64.8,69.4,71.3,68.3
0.0,0,64.8,69.3,71.3,68.3
0.0,0,64.8,69.3,71.3,68.3
0.0,0,64.8,69.3,71.3,68.3
0.0,0,64.8,69.2,71.3,68.3
0.0,0,64.8,69.2,71.3,68.3
0.0,0,64.8,69.2,71.3,68.3
0.0,0,64.8,69.2,71.3,68.3
0.0,0,64.8,69.1,71.3,68.3
0.0,0,64.8,69.1,71.3,68.3
0.0,0,64.8,69.1,71.3,68.3
0.0,0,64.8,69.0,71.3,68.3
0.0,0,64.8,68.9,71.3,68.3
0.0,0,64.8,68.9,71.3,68.3
0.0,0,64.8,68.9,71.3,68.3
0.0,0,64.8,68.9,71.3,68.3
0.0,0,64.8,68.9,71.3,68.3
0.0,0,64.8,68.9,71.3,68.3
0.0,0,64.8,68.9,71.3,68.3
0.0,0,64.8,68.8,71.3,68.3
0.0,0,64.8,68.8,71.3,68.3
0.0,0,64.8,68.8,71.3,68.3
0.0,0,64.0,68.9,71.3,68.3
0.0,0,64.0,68.9,71.3,68.3
0.0,0,64.0,69.0,71.3,68.3
0.0,0,64.0,68.9,71.3,68.3
0.0,0,64.0,69.0,71.3,68.3
0.0,0,64.0,68.9,71.3,68.3
0.0,0,64.0,68.9,71.3,68.3
0.0,0,64.0,68.9,71.3,68.3
0.0,0,64.0,68.9,71.3,68.3
0.0,0,64.0,68.8,71.3,68.3
0.0,0,64.0,68.6,71.3,68.3
0.0,0,64.0,69.5,71.3,68.3
0.0,0,64.0,68.9,71.3,68.3
0.0,0,64.0,68.8,71.3,68.3
0.0,0,64.0,69.4,71.3,68.3
0.0,0,64.0,69.6,71.3,68.3
0.0,0,64.0,69.6,71.3,68.3
0.0,0,64.0,69.7,71.3,68.3
0.0,0,64.0,69.8,71.3,68.3
0.0,0,64.0,70.2,71.3,68.3
0.0,0,64.0,70.5,71.3,68.3
0.0,0,64.0,70.7,71.3,68.3
0.0,0,64.0,69.7,71.3,68.3
0.0,6,64.0,70.7,71.3,68.3
0.0,1,64.8,70.7,71.3,68.3
0.0,0,64.8,70.7,71.3,68.3
0.0,0,64.8,70.8,71.3,68.3
0.0,0,64.8,70.8,71.3,68.3
0.0,0,64.8,70.7,71.3,68.3
0.0,0,64.8,70.5,71.3,68.3
0.0,0,64.8,70.3,71.3,68.3
0.0,6,57.5,70.8,71.3,68.3
0.0,13,58.8,71.0,71.3,68.3
24.1304,25,58.8,71.5,71.3,68.3
32.3913,29,55.9,71.6,71.3,68.3
41.5217,33,55.9,71.9,71.3,68.3
42.6087,33,60.0,71.7,71.3,68.3
0.0,9,57.1,70.6,71.3,68.3
20.6522,25,57.1,71.0,71.3,68.3
20.0,26,58.8,71.1,71.3,68.3
21.7391,27,58.8,71.3,71.3,68.3
0.0,9,58.8,71.0,71.3,68.3
0.0,9,60.7,71.3,71.3,68.3
0.0,8,63.6,71.0,71.3,68.3
0.0,8,64.4,71.1,71.3,68.3
0.0,9,65.3,71.1,71.3,68.3
0.0,9,65.3,71.0,71.3,68.3
0.0,8,65.3,71.0,71.3,68.3
0.0,7,65.3,71.0,71.3,68.3
0.0,6,66.2,71.0,71.3,68.3
0.0,2,66.2,70.9,71.3,68.3
0.0,0,66.2,70.9,71.3,68.3
0.0,0,65.3,70.8,71.3,68.3
0.0,0,65.3,70.8,71.3,68.3
0.0,0,65.3,70.7,71.3,68.3
0.0,0,65.3,70.6,71.3,68.3
0.0,0,65.3,70.5,71.3,68.3
0.0,0,65.3,70.5,71.3,68.3
0.0,0,65.3,70.5,71.3,68.3
0.0,0,65.3,70.5,71.3,68.3
0.0,0,65.3,70.4,71.3,68.3
0.0,0,65.3,70.4,71.3,68.3
0.0,0,65.3,70.4,71.3,68.3
0.0,0,65.3,70.4,71.3,68.3
0.0,0,65.3,70.4,71.3,68.3
0.0,0,65.3,70.3,71.3,68.3
0.0,0,65.3,70.3,71.3,68.3
0.0,0,65.3,70.3,71.3,68.3
0.0,0,65.3,70.3,71.3,68.3
0.0,0,65.3,70.3,71.3,68.3
0.0,0,65.3,70.3,71.3,68.3
0.0,0,65.3,70.3,71.3,68.3
0.0,0,65.3,70.2,71.3,68.3
0.0,0,65.3,70.2,71.3,68.3
0.0,0,65.3,70.2,71.3,68.3
0.0,0,65.3,70.2,71.3,68.3
0.0,0,65.3,70.2,71.3,68.3
0.0,0,65.3,70.2,71.3,68.3
0.0,0,65.3,70.1,71.3,68.3
0.0,0,65.3,70.1,71.3,68.3
0.0,0,65.3,70.0,71.3,68.3
0.0,0,65.3,70.1,71.3,68.3
0.0,0,65.3,70.1,71.3,68.3
0.0,0,65.3,70.1,71.3,68.3
0.0,0,65.3,70.1,71.3,68.3
0.0,0,65.3,70.1,71.3,68.3
0.0,0,65.3,70.1,71.3,68.3
0.0,0,65.3,70.1,71.3,68.3
0.0,0,65.3,70.1,71.3,68.3
0.0,0,65.3,70.1,71.3,68.3
0.0,0,65.3,70.0,71.3,68.3
0.0,0,65.3,70.0,71.3,68.3
0.0,0,65.3,70.0,71.3,68.3
0.0,0,65.3,70.0,71.3,68.3
0.0,0,65.3,70.0,71.3,68.3
0.0,0,65.3,70.0,71.3,68.3
0.0,0,65.3,70.1,71.3,68.3
0.0,0,65.3,70.1,71.3,68.3
0.0,0,65.3,70.2,71.2,68.2
0.0,0,65.3,70.3,71.0,68.0
0.0,0,65.3,70.3,71.0,68.0
0.0,1,65.3,70.4,70.9,67.9
0.0,0,65.3,70.3,70.9,67.9
0.0,0,65.3,70.3,70.9,67.9
0.0,0,65.3,70.2,70.9,67.9
0.0,0,65.3,70.2,70.9,67.9
0.0,4,65.3,70.7,70.9,67.9
0.0,7,62.2,71.2,70.9,67.9
19.5652,23,61.2,71.3,70.9,67.9
0.0,9,58.0,71.0,70.9,67.9
0.0,9,60.5,70.8,70.9,67.9
0.0,9,60.5,70.7,70.9,67.9
0.0,9,60.5,70.7,70.9,67.9
0.0,9,61.5,70.7,70.9,67.9
0.0,9,61.5,70.7,70.9,67.9
0.0,9,62.4,70.7,70.9,67.9
0.0,9,62.4,70.7,70.9,67.9
0.0,8,61.6,70.6,70.9,67.9
0.0,0,64.0,69.9,70.9,67.9
0.0,2,64.0,70.3,70.9,67.9
0.0,0,64.8,70.0,70.9,67.9
0.0,1,64.8,70.3,70.9,67.9
0.0,1,64.8,70.0,70.9,67.9
0.0,1,64.8,70.3,70.9,67.9
0.0,2,64.8,70.5,70.9,67.9
0.0,4,64.8,70.7,70.9,67.9
0.0,1,64.8,70.1,70.9,67.9
0.0,7,64.8,70.8,70.9,67.9
0.0,7,64.8,70.7,70.9,67.9
0.0,6,64.0,70.6,70.9,67.9
0.0,3,65.8,70.5,70.9,67.9
0.0,1,65.8,70.5,70.9,67.9
0.0,0,65.8,70.5,70.9,67.9
0.0,1,64.9,70.5,70.9,67.9
0.0,5,65.8,70.9,70.9,67.9
0.0,7,64.4,70.7,70.9,67.9
0.0,0,64.4,70.3,70.9,67.9
0.0,1,64.4,70.6,70.9,67.9
0.0,1,65.3,70.5,70.9,67.9
0.0,0,65.3,70.5,70.9,67.9
0.0,2,65.3,70.4,70.4,67.4
18.6957,18,57.6,69.9,69.4,66.4
0.0,1,60.3,69.7,70.9,67.9
0.0,4,63.2,69.8,70.4,67.4
0.0,0,64.0,69.8,70.4,67.4
0.0,0,65.3,69.8,70.8,67.8
0.0,0,65.3,69.7,70.8,67.8
0.0,4,65.3,69.7,70.4,67.4
0.0,1,65.3,69.8,70.4,67.4
0.0,0,65.3,69.7,70.4,67.4
0.0,0,65.3,69.7,70.4,67.4
0.0,1,65.3,69.7,70.4,67.4
0.0,0,65.3,69.7,70.4,67.4
0.0,0,65.3,69.7,70.4,67.4
0.0,0,65.3,69.7,70.4,67.4
0.0,0,65.3,69.7,70.4,67.4
0.0,0,65.3,69.7,70.4,67.4
0.0,0,65.3,69.7,70.4,67.4
0.0,1,65.3,69.7,70.4,67.4
0.0,0,65.3,69.6,70.4,67.4
0.0,0,65.3,69.6,70.4,67.4
0.0,0,65.3,69.7,70.4,67.4
0.0,0,65.3,69.7,70.4,67.4
0.0,0,65.3,69.7,70.4,67.4
0.0,0,65.3,69.6,70.4,67.4
0.0,0,65.3,69.6,70.4,67.4
0.0,0,65.3,69.6,70.4,67.4
0.0,0,65.3,69.5,70.4,67.4
0.0,0,65.3,69.4,70.4,67.4
0.0,0,65.3,69.4,70.4,67.4
0.0,0,65.3,69.4,70.4,67.4
0.0,0,65.3,69.4,70.4,67.4
0.0,0,65.3,69.4,70.4,67.4
0.0,0,65.3,69.3,70.4,67.4
0.0,0,65.3,69.3,70.4,67.4
0.0,0,65.3,69.3,70.4,67.4
0.0,0,65.3,69.3,70.4,67.4
0.0,0,65.3,69.2,70.4,67.4
0.0,0,65.3,69.2,70.4,67.4
0.0,11,61.1,69.0,70.0,67.0
0.0,7,62.1,69.0,70.9,67.9
0.0,0,62.1,68.9,70.8,67.8
0.0,0,62.1,68.9,70.8,67.8
30.8696,27,62.1,68.9,70.0,67.0
0.0,0,60.3,68.5,70.8,67.8
0.0,0,62.7,68.7,70.8,67.8
0.0,0,58.8,68.4,71.3,68.3
44.5652,32,60.8,68.7,69.4,66.4
13.0435,23,58.8,67.8,69.7,66.7
0.0,0,57.1,67.6,69.9,66.9
0.0,0,60.7,68.2,70.8,67.8
0.0,0,62.8,68.4,70.8,67.8
0.0,4,58.7,67.8,69.6,66.6
0.0,0,59.9,67.9,70.6,67.6
37.8261,29,59.1,67.7,69.0,66.0
0.0,7,59.1,67.8,69.4,66.4
0.0,0,61.5,68.6,71.3,68.3
0.0,0,62.8,68.8,71.3,68.3
0.0,0,62.8,68.9,71.3,68.3
0.0,0,63.5,69.6,71.3,68.3
0.0,0,63.5,70.0,71.3,68.3
0.0,0,63.5,70.2,71.3,68.3
0.0,2,63.5,70.5,71.2,68.2
0.0,4,64.4,70.9,71.2,68.2
0.0,2,64.4,70.8,71.1,68.1
0.0,4,64.4,71.4,71.1,68.1
0.0,2,63.6,70.6,71.2,68.2
0.0,7,63.6,71.4,71.2,68.2
0.0,8,61.6,71.2,71.1,68.1
0.0,7,58.7,70.7,71.0,68.0
0.0,9,61.2,71.1,70.9,67.9
22.1739,25,56.4,71.1,71.0,68.0
18.6957,26,59.2,70.8,70.9,67.9
0.0,7,61.1,70.6,70.9,67.9
0.0,8,63.6,70.8,71.0,68.0
0.0,8,64.4,71.0,71.0,68.0
0.0,7,64.4,70.8,71.1,68.1
0.0,0,64.4,70.2,70.9,67.9
0.0,8,64.4,71.2,70.9,67.9
0.0,1,64.4,69.8,70.9,67.9
0.0,9,64.4,71.0,70.9,67.9
23.2609,26,56.4,70.7,70.9,67.9
0.0,9,59.1,70.7,70.9,67.9
0.0,9,59.1,71.0,70.9,67.9
0.0,8,63.2,70.8,70.9,67.9
0.0,1,63.2,69.7,70.9,67.9
24.7826,26,57.1,70.6,70.9,67.9
0.0,5,59.6,70.3,70.9,67.9
0.0,1,62.4,70.2,70.9,67.9
0.0,0,63.6,70.3,70.9,67.9
0.0,0,64.4,70.3,70.9,67.9
0.0,0,64.4,70.2,70.9,67.9
0.0,0,64.4,70.2,70.9,67.9
0.0,0,64.4,70.0,70.9,67.9
61.9565,40,61.1,69.8,68.0,64.6
38.2609,30,57.2,68.6,68.0,59.4
24.1304,25,59.2,69.1,69.9,66.9
21.7391,27,59.2,68.1,69.4,66.4
0.0,0,61.1,68.7,70.7,67.7
0.0,1,62.8,69.0,70.7,67.7
0.0,0,63.6,69.2,70.5,67.5
0.0,0,64.8,69.2,70.5,67.5
0.0,0,64.8,69.3,70.4,67.4
0.0,0,64.8,69.2,70.5,67.5
0.0,0,64.8,69.3,70.5,67.5
0.0,0,64.8,69.3,70.4,67.4
0.0,0,65.8,69.3,70.8,67.8
0.0,0,65.8,69.3,70.8,67.8
0.0,0,65.8,69.3,70.8,67.8
0.0,0,65.8,69.3,70.8,67.8
0.0,0,65.8,69.3,70.8,67.8
0.0,0,65.8,69.4,70.8,67.8
0.0,0,65.8,69.3,70.8,67.8
0.0,0,65.8,69.3,70.8,67.8
0.0,0,65.8,69.4,70.8,67.8
0.0,0,65.8,69.3,70.8,67.8
0.0,0,65.8,69.3,70.8,67.8
0.0,0,65.8,69.3,70.8,67.8
0.0,0,65.8,69.3,70.8,67.8
0.0,0,65.8,69.2,70.8,67.8
0.0,0,65.8,69.3,70.8,67.8
0.0,0,65.8,69.3,70.8,67.8
0.0,0,65.8,69.2,70.8,67.8
0.0,0,64.9,69.2,70.8,67.8
0.0,0,64.9,69.3,70.8,67.8
0.0,0,64.9,69.2,70.8,67.8
0.0,0,64.9,69.2,70.8,67.8
0.0,0,64.9,69.2,70.8,67.8
0.0,0,64.9,69.2,70.8,67.8
0.0,0,64.9,69.2,70.8,67.8
0.0,0,64.9,69.2,70.8,67.8
0.0,0,64.9,69.1,70.8,67.8
0.0,0,64.9,69.2,70.8,67.8
0.0,0,64.9,69.2,70.8,67.8
0.0,0,64.9,69.1,70.8,67.8
0.0,0,64.9,69.1,70.8,67.8
0.0,0,64.9,69.2,70.8,67.8
0.0,0,64.9,69.1,70.6,67.6
0.0,0,64.9,69.1,70.5,67.5
0.0,0,64.9,69.1,70.4,67.4
0.0,0,64.9,69.1,70.4,67.4
0.0,0,60.3,68.9,70.4,67.4
25.2174,26,61.6,68.8,68.3,65.3
0.0,9,59.9,68.3,68.0,63.5
30.6522,28,55.8,67.9,68.0,61.5
29.7826,27,59.2,67.5,68.3,65.3
0.0,0,59.9,68.1,70.4,67.4
37.8261,30,58.4,67.2,68.0,58.3
0.0,9,56.3,67.2,68.0,59.0
21.7391,26,58.8,67.6,68.0,59.0
0.0,9,57.9,67.7,68.0,59.0
0.0,9,59.5,67.9,68.0,58.4
0.0,9,61.5,68.1,68.0,59.1
0.0,9,62.4,68.2,68.0,59.1
0.0,9,62.4,68.2,68.0,58.4
0.0,9,62.4,68.2,68.0,58.4
12.1739,24,61.5,68.3,68.0,58.4
0.0,9,61.5,68.2,68.0,58.4
0.0,9,60.8,68.2,68.0,60.1
0.0,9,60.8,68.2,68.0,56.9
0.0,9,61.9,68.2,68.0,57.6
0.0,8,61.9,68.2,68.0,64.9
0.0,8,62.8,68.3,68.0,56.0
19.5652,24,60.8,68.3,68.0,56.1
0.0,9,60.8,68.2,68.0,56.1
21.7391,25,56.8,68.1,68.0,55.2
0.0,9,59.9,68.1,68.0,55.2
0.0,21,57.9,67.9,68.0,64.7
0.0,9,56.8,67.3,68.0,57.4
36.087,30,55.9,66.9,68.0,60.5
18.6957,25,57.1,67.2,68.0,61.3
0.0,0,59.5,67.7,69.9,66.9
0.0,0,59.5,67.9,70.4,67.4
0.0,0,61.9,68.1,70.4,67.4
0.0,0,62.8,68.2,70.4,67.4
0.0,0,62.8,68.4,70.4,67.4
0.0,0,63.6,68.7,70.4,67.4
0.0,0,63.6,69.1,70.4,67.4
0.0,0,63.6,69.2,70.4,67.4
0.0,0,63.6,69.1,70.4,67.4
0.0,0,63.6,69.1,70.4,67.4
0.0,0,63.6,69.0,70.4,67.4
0.0,0,63.6,69.1,70.4,67.4
0.0,0,63.6,69.1,70.4,67.4
0.0,0,64.4,69.1,70.4,67.4
0.0,0,64.4,69.1,70.4,67.4
0.0,1,64.4,69.1,70.2,67.2
0.0,0,64.4,69.2,70.0,67.0
0.0,0,64.4,69.2,70.0,67.0
0.0,0,64.4,69.2,69.9,66.9
0.0,0,64.4,69.2,69.9,66.9
0.0,0,64.4,69.2,69.9,66.9
0.0,0,64.4,69.3,69.7,66.7
0.0,0,64.4,69.2,69.9,66.9
42.6087,32,59.3,69.2,68.0,56.1
0.0,8,57.7,68.2,69.2,66.2
34.7826,31,57.7,67.7,68.0,56.9
30.8696,30,57.7,67.6,68.0,55.2
35.8696,31,57.7,67.7,68.0,55.8
26.9565,27,57.7,67.4,68.0,56.7
20.6522,27,58.4,67.7,68.0,54.1
28.4783,29,57.6,67.4,68.0,57.5
21.7391,27,58.3,67.6,68.0,55.3
24.1304,28,58.3,67.5,68.0,53.0
22.1739,28,58.3,67.5,68.0,54.7
18.6957,27,58.3,67.7,68.0,53.9
28.4783,29,58.3,67.2,68.0,60.2
69.5652,44,57.6,67.1,68.0,60.1
35.0,33,57.6,66.7,68.0,53.3
18.6957,28,58.3,67.1,68.0,57.8
0.0,15,59.1,67.6,68.0,55.7
18.2609,28,59.1,67.7,68.0,56.4
0.0,9,59.1,67.7,68.0,56.1
0.0,0,60.8,68.0,70.8,67.8
0.0,0,63.3,68.3,70.8,67.8
0.0,0,64.4,68.4,70.8,67.8
0.0,0,64.4,68.6,71.3,68.3
41.7391,34,57.9,67.2,68.0,58.3
27.3913,29,57.9,67.3,68.0,55.3
0.0,9,57.9,67.4,68.0,62.8
